"Link","Type","Author","Date","Content","Id","Hashtag","Category"
"https://www.facebook.com/blockchain/posts/pfbid0365ne9esfsVrBnrWEkq3cN4NrmUoqznRHcrHTnMNiyBMkggE1B7Q5Gc4eL8cF6Xjrl?__cft__[0]=AZWOHl8iveM34JIexF86rxjfrSDN9o4z5lw3gBxHFhEg0cGzzWE_0tnvP2wUA9CuMKJrsCIUZXZrP4x37w9TsSfyANIMTwY5CDXtlveKwungTbMGNY7ttSlFJEi_rLfAd6mz5Is0NxRhxHe1Cz46fEHr8g2Kq7Oqny4tDAtMNXzRwufOjv2h_6Vucmp4YrHA_OQr2U9rMpuLq26Kf0zJ6a2O&__tn__=%2CO%2CP-R","Facebook post","Blockchain.com","17-05-2024","Your weekly crypto news round-up is here 
 Bitcoin Breaks Barriers: Surpassing $66,000 
Bitcoin stole the show this week, breaching the $66,000 mark. This surge comes amidst news on the US inflation front, with figures showing a slowdown compared to previous months. 
… See more","pfbid0365ne9esfsVrBnrWEkq3cN4NrmUoqznRHcrHTnMNiyBMkggE1B7Q5Gc4eL8cF6Xjrl","","personal-post, contains-image, not-contain-hashtag"
"https://www.facebook.com/binance/posts/pfbid02T6TruDDo8x1ATbcg6YxkUrP13Z7CUtLoWyuQTFzw8cjiaqmzSp67KWeQxPwrx9n6l?__cft__[0]=AZWuEDqnGvQRRJg0jKI4717idgh_MVYcyXncB596wIxT0ohf0-Fd67HKMxmJWWxApBojktu3C1exJKXPkkeQ6ZMMptA771xhyzFpxNVDqZPRwFoGgROXMkXKR_JD-s9F7d4fBUXpIbR3-REUWAjGNMoa7ECu4Ia_59H_Keed91fA3G3bPfHALtJbT1T31LsM7Bods1-uT1MK-dpq7sofe3Qr&__tn__=%2CO%2CP-R","Facebook post","Binance","18-05-2024","What is data availability?
Well, it's data that's available.
But nah fr, it refers to the ability of users to access and verify the data stored on the blockchain.","pfbid02T6TruDDo8x1ATbcg6YxkUrP13Z7CUtLoWyuQTFzw8cjiaqmzSp67KWeQxPwrx9n6l","","personal-post, contains-image, not-contain-hashtag"
"https://www.facebook.com/blockchain/posts/pfbid02i5n1TgYvoJrg72VyFGUdbLDXW8L2a899krjQQNMS1Xm16j19jnfk17e2uWVFdAqdl?__cft__[0]=AZUt-u__LLzRy2AtGG0KfW8lBi1DUK5D1OuiaiMlf39KvX-v-xlNIS5zIZlXs1y_b_8ItDqWQavDPvyGiQVMj1LeTYVv1nxTGlgzfxQf2YrPrdWoUbM6kr3hhI4lH3g_Z1xbuWyhGMvnQ3ETTByQ5pH_9BtIYMS--Pjw49JsEBqDDtza8rCy7gxfH_f5A1P2Vs1o1HHCPZ_OkngLWz8-Hmu8&__tn__=%2CO%2CP-R","Facebook post","Blockchain.com","16-05-2024","It's been a big 24 hours for $SOL 
What's your move?
 blockchain.com/explorer/assets/sol","pfbid02i5n1TgYvoJrg72VyFGUdbLDXW8L2a899krjQQNMS1Xm16j19jnfk17e2uWVFdAqdl","","personal-post, contains-image, not-contain-hashtag"
"https://www.facebook.com/HeadlinerHub/posts/pfbid0KaiWynjCNkZJ2JUZk74ySxbyhvEeBktFVJeoDSTAtya4RX25sjPonK6g612N83hbl?__cft__[0]=AZUd3Khi4O_VGDNq_vWSJk3ju-cfgN13FYq-yJlSxa5Zw3iDbo6vX49Q1WHRoGejLHP8hI3vy40JZOV7aPCM55D3REU7S4fExDA_zIWfas6EDuek-lVoeovqydUsBuLoF6PXB8V80ifBhDWK0Dm4Yp9KKjJoIl8rdxygsrInV23Iix6NHPz3fbIHNx1AK9MOY915JZ8NhDJ-xdiATlifs8IB&__tn__=%2CO%2CP-R","Facebook post","Headliner","13-05-2024","""I wasn’t going to quit music, per se, but I was going to get a job. I was looking at the numbers, and the math was not mathin’!"" Rae Isla on how she made more money building a web3 community than a job would have paid her in a year.
#blockchain #web3 #qsc QSC #headlinermagazine","pfbid0KaiWynjCNkZJ2JUZk74ySxbyhvEeBktFVJeoDSTAtya4RX25sjPonK6g612N83hbl","#blockchain, #web3, #qsc, #headlinermagazine","personal-post, contains-image, contains-hashtag"
"https://www.facebook.com/blockchain/posts/pfbid02RnZbrMgRvRmjDiqF8PR9CFZPw2KJKiZ9s1yTjawXSRdjdez7wMAXpKoCEGa5imxNl?__cft__[0]=AZVmv4fX0ThhwS_tJkpANR_EmNAfAfNrENbT1-sqRgT5oUgn1NHSSwZzn1uqWTf87ApsBTRMKwIaeawYkfLHsMmW8loeNKoPEHKkZ7A9JYDT11AVkicbwmjJQ1OU5OKWJmCyc-nRT1U7s_-jEMIQXNEAYRskz8c_1SBKM9GzfuNv9q5NlctvPe6-ZZSTjTskBfxAX31abux7E16OBMfZyTt1&__tn__=%2CO%2CP-R","Facebook post","Blockchain.com","06-05-2024","2FA is the way 
Enabling 2FA acts as a powerful deterrent against online attacks, safeguarding your wallet.
Learn more 
 https://ow.ly/BhKC50RvVbP","pfbid02RnZbrMgRvRmjDiqF8PR9CFZPw2KJKiZ9s1yTjawXSRdjdez7wMAXpKoCEGa5imxNl","","personal-post, contains-image, not-contain-hashtag"
"https://www.facebook.com/blockchain/posts/pfbid05cpDY3FfRnzrhd6qXz8eqUa9cHAshrsfmwXd6qp5HCJE27exzsy1bUuaXC88e2gol?__cft__[0]=AZUMGPLNTsm0bbFwRACmOgHItKfsk3-p2OO5478DyD2ltaExN_hRJOI4CvHP4zy8u0oPB0Rqv0vceYjMYALxBOltrCMwPdIYUkhWx412VbP5wMAikwJ9tNAeLkbo5oO1YCi6twCczlmcq9F9lgKuUd75E-OToq0P82VZBkiEpuaya8UzJkuh6_fl0PSyeZB7TTPggBbiylLm3XBxCJXk-IGG&__tn__=%2CO%2CP-R","Facebook post","Blockchain.com","16-05-2024","BTC +4.6% in the past 24 hours 
blockchain.com/login","pfbid05cpDY3FfRnzrhd6qXz8eqUa9cHAshrsfmwXd6qp5HCJE27exzsy1bUuaXC88e2gol","","personal-post, contains-image, not-contain-hashtag"
"https://www.facebook.com/blockchain/posts/pfbid02s8e7DhonYet8UhJyNzAmBXZtoAnKgyqBgGX5uzu6X6c3Sn2265BU2DZpc9ynHtJpl?__cft__[0]=AZVP9W1DQL8qUZPnKlqhCitb52GmGdNM8loTF0avR_UDJXbr8I_c66B_0C9tgi4I89_4RKyKFGegxfyfSWD-nzBe9xBzty-skFhhaFgX0iJ7vQC7ZoUiZkx5Xs7lQshec016HxJSP_u63t63_u3e8Iud7XV14WOLL1D8v07sgfcuV7oEEvSzwcUub-au9c6gmmPn2JIRGDxB5_0TqnkQAobh&__tn__=%2CO%2CP-R","Facebook post","Blockchain.com","03-05-2024","ICYMI: Solana Network is now available on your Blockchain.com DeFi Wallet 
Solana Network is a high-performance blockchain designed to support high-traffic decentralized applications and crypto projects. It uses innovative technologies for fast and secure transactions, with low fees and a native SOL token for governance and staking.
Solana's expanding ecosystem offers potential for diverse applications, making it a notable option in the blockchain space.… See more","pfbid02s8e7DhonYet8UhJyNzAmBXZtoAnKgyqBgGX5uzu6X6c3Sn2265BU2DZpc9ynHtJpl","","personal-post, contains-image, not-contain-hashtag"
"https://www.facebook.com/srpcoin/posts/pfbid0YA2zrk3efwtbiPvXEMKb9acyXAx5MukvM5VwJdj7QkjkAMNEmVh3um5K8FAuErKl?__cft__[0]=AZVDqC4qWw04euJrBA0xmlcNaMZ-spJjYqCfpWPoGMYQOELRmsff15jHbNyb7y-atijE3Y1LajZd0ogpB5EhtiE1BENPdrdGO0WQa4ooBdP_RAdtzRQVb7eZdKt9Tmi5g-rmDH0x9QffxKcyrhrXjLHj-t0PjJVthpYaL2JO6P_5aAdm8e1_1Pp5F6F3F91kv2c5a6J2zqnc1q215LeWNvjH&__tn__=%2CO%2CP-R","Facebook post","SRP Coin","17-05-2024","""SRP Coin vs Traditional Banking: Decentralized Empowerment vs Centralized Control. Embrace the Future of Finance with SRP. #SRPCoin #Blockchain #Decentralization #Depin #srptoken ","pfbid0YA2zrk3efwtbiPvXEMKb9acyXAx5MukvM5VwJdj7QkjkAMNEmVh3um5K8FAuErKl","#SRPCoin, #Blockchain, #Decentralization, #Depin, #srptoken","personal-post, contains-image, contains-hashtag"
"https://www.facebook.com/blockchain/posts/pfbid0AN2LmXYd5SNeXYhuWjW1itLw6dXJxjb9FkMKA9zxCGXjK9HsjDDVexTHdAB4VsQ9l?__cft__[0]=AZVd76RXLR9kotYLpDXPQoTPllziFeAHkzr859N7l9LMBQTdrBt0yFF7wzjzW87--0SLdS1v0w2oxoip89ms3RGBtJdDwS-BL5hiOqpqeBpsaFMqDHjbxFc2SBCJM3ldN0kbBk5zFuFAvn9fT10h8qJLEJphPwzwsnGnwvvpKpU6DGh8MdTHIdpmBhTmgoTHssCPgsy_zXgjgy6JrYZLs3l8&__tn__=%2CO%2CP-R","Facebook post","Blockchain.com","15-05-2024","Timing the crypto market is tough, and often time consuming. That’s why we offer Recurring Buys on mobile and web 
By setting up a Recurring Buy and utilizing a Dollar Cost Averaging strategy, you can spread your investment into equal amounts over regular intervals instead of trying to decide on the “perfect” time to buy.
Learn more and set up 
 https://ow.ly/yFnR50RFSus","pfbid0AN2LmXYd5SNeXYhuWjW1itLw6dXJxjb9FkMKA9zxCGXjK9HsjDDVexTHdAB4VsQ9l","","personal-post, contains-image, not-contain-hashtag"
"https://www.facebook.com/blockchain/posts/pfbid0xVzw4jTQksTuHjWFE5LR7gKGWG9Gk1G7JmdpTeGrZ3mxQxW9k5vgxtjSN3r1eBKwl?__cft__[0]=AZVQbfCIQxoSHHsTiDiTnxughfxnnyog0L_lmvWaF89_B4duJKZpy9poiaWekr_jw8i8hSKCvpgN3XEneBGpgSjZYwYAniE6bIMlOjcU9PP1erH7iX7PdGRo5uvh9ehQNLoDrjlYyiSWvNhVTjgLNXqP8J4aWdw6Lym9551-og6vN5fPwlA8dVydyWXB8vLLcG2Jzr9f4qwTHmo0Pz2xbTIc&__tn__=%2CO%2CP-R","Facebook post","Blockchain.com","08-05-2024","US Fam 
The Blockchain.com Decentralized Exchange (DEX) Aggregator is now live in your DeFi Wallet! 
With the DEX Aggregator, you can swap thousands of tokens on the Ethereum, Polygon, BSC, Arbitrum, and Optimism blockchains without ever giving up control of your crypto.… See more","pfbid0xVzw4jTQksTuHjWFE5LR7gKGWG9Gk1G7JmdpTeGrZ3mxQxW9k5vgxtjSN3r1eBKwl","","personal-post, contains-image, not-contain-hashtag"
"https://www.facebook.com/groups/1090221011099368/?multi_permalinks=7485689518219120&hoisted_section_header_type=recently_seen&__cft__[0]=AZWa2sa3NKkTPVqV-gT2scURHhckT7F-gyhS_aD9ub6X5OhsPBscYZGmwNUzgem4JLNXAhj9_bjHhxzXiYSlPbwCppr-NnnVIjZYUy5Zl1cIQbVuI8gPv2tISMN3fiMxFSB_-Kvvh1yWWRVmzkALEsblVQujoMwfey8apvaSyBxjeMjqAt5irX5mwIbs5bTZBY7sADL-4Up1WBSbfRIZojwWckErlk0oIV481WhlkW3L3w&__tn__=%2CO%2CP-R","Facebook post","Zain Jutt/Blockchain Technology","15-05-2024","i am blockchain developer having 4 years experience 
my services 
1 Token Development … See more","1090221011099368/7485689518219120","","group-post, contains-image, not-contain-hashtag"
"https://www.facebook.com/groups/1212378272190328/?multi_permalinks=7418516118243148&hoisted_section_header_type=recently_seen&__cft__[0]=AZVHZpZ-sgT_wYzzHTYlrVvd1JUusLTVzoeJ6SSBSDbxGWyKD70QpO4N8k35wh32HjhA4UMGaykMNH17HUlihSytynUtFTjCJQ-7Lzj1_mElNsRDZH_BBUgxUJM8PqAx-qrPzivJK38xgmKJGSfvgF17OqPSTC8KL6AOqaOQ0siCkIVgJfTFHLsYCxrGrX-jB4XOyGVxW5zWsysBq5h51xX1&__tn__=%2CO%2CP-R","Facebook post","Jeff Rey/Blockchain Developers","10-05-2024","Blockchain Developers Needed For Freelance Projects. Please Message Me If Interested","1212378272190328/7418516118243148","","group-post, contains-image, not-contain-hashtag"
"https://www.facebook.com/blockchain/posts/pfbid0VSm1Ybfo1oerADB5t19DUUARdPFhXDiGRnNk3dtFvNBgKLCfwZV8nroGs9srJP3kl?__cft__[0]=AZX8fnMoYvlnufajA7pfM4zbmybQ80DyOrGuDY2NU9ULPT5V95N7KitHAuhChyKEvFtzzoSHYnBlpeI8-yieTyao6APLcg0mwY0U3SCalT9bPtWm18xExlZeZT-70Iwr9JhQLhyOWKMSyaccUgNAgh4iT7IdEclMthskd5puWNtKmMuf4G7eSiHrMpaAJXqbGmjh_l4lfOr0voCCbRwiWJdx&__tn__=%2CO%2CP-R","Facebook post","Blockchain.com","13-05-2024","No cheating...
What was the last crypto you sold?","pfbid0VSm1Ybfo1oerADB5t19DUUARdPFhXDiGRnNk3dtFvNBgKLCfwZV8nroGs9srJP3kl","","personal-post, contains-image, not-contain-hashtag"
"https://www.facebook.com/blockchain/posts/pfbid055ueCgfShR3tNTxxEMdKiDEVAK95nzdz4E8HZZ23LbCAiAuN75LGTnypBBMwrso3l?__cft__[0]=AZW55ckEgcgzlxbMwq6UlqjVczfb2fmmqzybvShCE_Uh0V_6AcBnCtTYRtRJ-X854VC1PPCUCJE8PKwroXhkdciDsT6JdQrWL0GpQVUaLde5nfUE5J60HWL9N4ZnSDh54soQS8Q74Zy5zMkb0tVKIP9pvm9f-RAPaPIIY69TIXWeZY1WMS2yHr4bvT9CEoqff9sR0uPTXHv9mW98mlvLEc1N&__tn__=%2CO%2CP-R","Facebook post","Blockchain.com","13-05-2024","GM
$BTC
$62,857
+3.03% in 24h
$ETH
$2,976
+1.93% in 24h","pfbid055ueCgfShR3tNTxxEMdKiDEVAK95nzdz4E8HZZ23LbCAiAuN75LGTnypBBMwrso3l","","personal-post, contains-image, not-contain-hashtag"
"https://www.facebook.com/blockchain/posts/pfbid0SoY9UFmzWeseM2cWxyGhhia6Avsj2xtTM59LKQ2hKuQvNqM85p5EiuYs3q3hojZjl?__cft__[0]=AZXXWBGjIYtu-Ysi3dO_bjpEJPrNas8lLQAQGJLPUz0qc76uvIi9bRDuOb9RWh0TYkIIwMpZU3oahqsc4qCA2pB30KNBraeZacIDXsSEE4ilEANT15QKNYIuei0pc5NeBtP_hfBX-Xdx8jEbN-WXjnFOmqQ-JzI1CcHasu2l44i0hxqpEdX4ZNga8-Jvzrg394haSaWChYlH2-VKlW9Cr7cT&__tn__=%2CO%2CP-R","Facebook post","Blockchain.com","04-05-2024","what crypto are you keeping a close eye on?","pfbid0SoY9UFmzWeseM2cWxyGhhia6Avsj2xtTM59LKQ2hKuQvNqM85p5EiuYs3q3hojZjl","","personal-post, contains-image, not-contain-hashtag"
"https://www.facebook.com/bnbcold/posts/pfbid02dsh5TV5Y4BZLUp2uLwPqLpgbFBuKzQcAoj3CbLkLr5ZcFRYZnoMLsr7icHtyKfZ9l?__cft__[0]=AZW76n-u04wEOuHMT7wCbxFxBjNffjMK2m-BYoY7RzlHZhC_SSbibO3DN6ofyUgThLVkdRDFSOhneY-G2klg8sVYnjxmyWMc1KoR_WzBtZUYJySBOWkkvyNi9gdESisLpdebsC9h6jQG2kKO3lPkH2fCUB2vah-HzA3GFr6pUVvH8MInbElVF9TpRCs2EZZ4ZeE_aGa0cCjYBEbo2JAB6mEZ&__tn__=%2CO%2CP-R","Facebook post","BNB Cold Wallet","10-05-2024"," Join us to mine COLD Token for FREE on Cold Wallet!
 Are you ready to explore this special opportunity? Join now to mine COLD tokens for free on our Cold Wallet!
 In addition to protecting your assets, Cold Wallet offers you a unique chance to earn COLD tokens daily. Open the wallet and start mining!
 … See more","pfbid02dsh5TV5Y4BZLUp2uLwPqLpgbFBuKzQcAoj3CbLkLr5ZcFRYZnoMLsr7icHtyKfZ9l","","personal-post, contains-image, not-contain-hashtag"
"https://www.facebook.com/blockchain/posts/pfbid02yrC9gcwt39KZXQUtqQfpzHQGZEx94LSst9YN4ZQk8NJJ2d88EXUqyXtB6BTns8yWl?__cft__[0]=AZV3ZXIHWN2oPPa9nGJA80lNFSBMpwacHTg2J7VYvQ0pUJnYf6XyAtfsdgb4_5cahdCwBDdOExYnnge0Qw139DnDXsUDMRjhzR76nI3HC5MH4qpXCanWUyORMQE73r8vAOAcNjHD4nDPV5qgZd21BVXkoQ8RIor0D209dqS555FHQM_mAuIrR-YX4fGcGtVHyJeDCSmHShefNFbe3XwhQJ_T&__tn__=%2CO%2CP-R","Facebook post","Blockchain.com","14-05-2024","gm","pfbid02yrC9gcwt39KZXQUtqQfpzHQGZEx94LSst9YN4ZQk8NJJ2d88EXUqyXtB6BTns8yWl","","personal-post, contains-image, not-contain-hashtag"
"https://www.facebook.com/blockchain/posts/pfbid02hpbZFWeFks1gmqDCaVupXihxCWLR945eEcjxqD9aoLvgnu5K3PRNfQS5JFsLiG84l?__cft__[0]=AZVh56NpqDHukVHFY7ZLkFKb0AdUfQTpotn85L3gQALhm5ks5zr_R4IZdPid20oAF7rFWNDFRyYtZmF4un4k1xvgb-4qpbov1-7pLogbyAc1Sxcr5ij7Mge-y0s5tiBSyN7fgQMRRBpHVV7thhnmfwAGhjXYWVypWtHs7occfftOAjkNqeZiwCJwM74X4MpqTAHjPz7xYmd9nuaUehvef0xX&__tn__=%2CO%2CP-R","Facebook post","Blockchain.com","12-05-2024","Which cryptocurrency do you think is the most underrated?","pfbid02hpbZFWeFks1gmqDCaVupXihxCWLR945eEcjxqD9aoLvgnu5K3PRNfQS5JFsLiG84l","","personal-post, contains-image, not-contain-hashtag"
"https://www.facebook.com/blockchain/posts/pfbid0TkgtMNH5VvBKPP4jhAcbwA6WNofFEDptDiwDRLUS7L9MFvtjypLwWRwnbYWcvB5pl?__cft__[0]=AZWY5SeZQOSHBq3a-JNXV4Yk6J7HwaHjtAZaSvF_q2sfEF1F6Z-EaJN8Jn7GzabcMkbnctxEJpVat0gyvTyzd2GGzQlwhiBu3IcV8mMRX8AWg7bIDcRoH4mtuslKIoi5eePFOrtCDk4gR5GJBo3QP-l2C44k0pwTWM5iJov1eDBCzIsirWehX5XUJcqsX01f7EV12urZMzykbUWVKRVhWaP0&__tn__=%2CO%2CP-R","Facebook post","Blockchain.com","27-04-2024","i love crypto because __________","pfbid0TkgtMNH5VvBKPP4jhAcbwA6WNofFEDptDiwDRLUS7L9MFvtjypLwWRwnbYWcvB5pl","","personal-post, contains-image, not-contain-hashtag"
"https://www.facebook.com/srpcoin/posts/pfbid0kabB6Qb9Qi5xmNSdeTpT1kQykwwjZq1uLyejGTSKCFdYsgqKA4odcSGGLE3fPjCNl?__cft__[0]=AZXmdbx5wyXJZhysDeAIBfSUdp39RsK-lET25ueiWcMiezokbPBjMXZBN52sIot7ytAeHu5pYpa6_AnvHb_SQWrMs4rzHfuUP1rU_mhyIXIuv7Pn4gHR60RcaFzuiQm8TURKp3qASYB7dvwWDfoNZLgopUlkAopC6nEXzk4XGteBxaDMi5GtBw4iQJaPcb0qeCojISRsQIKHW0A3f0LY_qRB&__tn__=%2CO%2CP-R","Facebook post","SRP Coin","06-05-2024","Unlocking endless possibilities: Discover the transformative benefits of blockchain technology. 
#SRP #DeFi #Depin #crypto #SRPCoin #SRPCoin #srptoken #Blockchain #cryptocurrency","pfbid0kabB6Qb9Qi5xmNSdeTpT1kQykwwjZq1uLyejGTSKCFdYsgqKA4odcSGGLE3fPjCNl","#SRP, #DeFi, #Depin, #crypto, #SRPCoin, #SRPCoin, #srptoken, #Blockchain, #cryptocurrency","personal-post, contains-image, contains-hashtag"
"https://www.facebook.com/groups/371911201064353/?multi_permalinks=968881448033989&hoisted_section_header_type=recently_seen&__cft__[0]=AZVh_T92BKWldvDa1tHI3wDhQtHzh_odDzn0PoXyyd5yBmjzZ7aB3mLGHOUECXNEh2lH-uos091v3iTXrDJSzm2Ye_JWK87CCGIrPm9QIWvvzrdDqjyZD-8RSSm0MBnDlY7HWrdsde3CEnkdrHHrjSeUNkXbLWlUTZfatdwQ4iUsAdrGFxMDZmlA33JF7TUj1wfT_S1-zEdo_Ap7wuBJxWTN25GfKx0EU7ImOM9fRfO20_xxwu-VAHxa8DAUa2xueMs&__tn__=%2CO%2CP-R","Facebook post","Nguy?n Tùng/Pi Network - Trao ??i & Mua Bán","18-05-2024","18-5-2024 . #pinetwork #web3 #blockchain #picoin #picoinvietnam","371911201064353/968881448033989","#pinetwork, #web3, #blockchain, #picoin, #picoinvietnam","group-post, contains-image, contains-hashtag"
"https://www.facebook.com/blockchain/posts/pfbid029oG2TWE58oyJjZoeKMUR3Zy3p1C5keyPCtJUsV4fiykPJSYtjFnC2ezr8qMT7pvMl?__cft__[0]=AZVjGaHyBCFH2obOtMWaF2KD_I8ZqX6SAe8dWHa5vr-uGLUWyy6C4W4Av4WgNiALt_DYLJOagm2jmvDbECekNg1jb7y-6ob4ozfgnGB7XArDbvLYznE6zZU_P_Sfr1r47CvVB-y83hGTBcI_gjFJtGT1vuIio3ac3EW_y7s0psBFb27MsTOJkdLt67buyZVGBEyoj0r7Ca4xm1obIsYcI75Y&__tn__=%2CO%2CP-R","Facebook post","Blockchain.com","29-04-2024","Our latest Blockchain Bylines podcast is live!
Join Nic Cary and this month's guest, former Chief Content Officer at CoinDesk, Michael Casey. The pair discuss the critical topic of internet sovereignty and the role that decentralised and open source technology will play in our digital future 
Listen: https://open.spotify.com/episode/5mN84Tr3hGlRAsjOFO748a...","pfbid029oG2TWE58oyJjZoeKMUR3Zy3p1C5keyPCtJUsV4fiykPJSYtjFnC2ezr8qMT7pvMl","","personal-post, contains-image, not-contain-hashtag"
"https://www.facebook.com/blockchain/posts/pfbid02KAFbmAmWzTkStYgvggmyQwcyCeMuktWYQPyg2X6Wz53GRFcMY64rv5rpUwZvaafyl?__cft__[0]=AZXKFKDguo6w4NUWm2LhF4PKoQKWeG1ZAqkRvYkMrVbqh7RpvXkD6-I5dp_35CqJN3SmuERR-mPW2AZNkmlj6EI67C1PjKJy9jC26e1J0V-jGyl00tsWwLuekUVGKJFUqnp6YN3HMATk0SAH8c_qHIdXojvHu4CUC2wsuyta5fYOxPF4RTuN-LhKmkJ95mMbi2p-_CEyw5CRTl2YbB0PBWXG&__tn__=%2CO%2CP-R","Facebook post","Blockchain.com","09-05-2024","Sun's out = Blockchain.com hat out ","pfbid02KAFbmAmWzTkStYgvggmyQwcyCeMuktWYQPyg2X6Wz53GRFcMY64rv5rpUwZvaafyl","","personal-post, contains-image, not-contain-hashtag"
"https://www.facebook.com/blockchain/posts/pfbid02sPPCTq4G2ziFcigF3Sryjjg5QXtXv1Mt3QM9vVBBRESY4GidNY9nk7VWvF65hvmGl?__cft__[0]=AZWG4BTbNsDbZcPT-BetruEnnI3F3ifS4CCPDwXqxSsWUa0e2_kMMiAAoHT4pTJ2mVfZBCFeOdpudyr05WCr9BvipaW5OR4i0_gL7gHnLxEUpwdrx-hzMDhdj3T9qM90SEBk47xx0xyGU_3oT4jnB60WcJvIleCysJuTngkcL0KAa0LhjK5-5jGdFH2V8IqhFgPXoo6Tj0wtmw1ls8g2yrzW&__tn__=%2CO%2CP-R","Facebook post","Blockchain.com","17-05-2024","drop your favorite crypto memes of the week","pfbid02sPPCTq4G2ziFcigF3Sryjjg5QXtXv1Mt3QM9vVBBRESY4GidNY9nk7VWvF65hvmGl","","personal-post, contains-image, not-contain-hashtag"
"https://www.facebook.com/blockchain/posts/pfbid02Rttz47TMmaeVacgj3VEWWQD8tFAafWPRGNya8pc1xMwX4Q7CfKhUxDf5sdAi8CJLl?__cft__[0]=AZWOeryefGZvkAQKs_fHAdpEyHMa8R_R6aHNJIGAc6Iq8m-6pmrFrTVHuM8k4C8UC3oMUSg4t2aWZx4Sg2Gvi0X3nG4B-6fo4qlObPouBDeN_9sRRNGkxd7eyIm0K0wteZmTL9F8uSVZH1SlVI1sDMA7IpktX3hGB153Nf33Tl8xz_nUCkq5mZ6Y7ENEE_GH94wJryQt-NZBnuv-hPBm14iz&__tn__=%2CO%2CP-R","Facebook post","Blockchain.com","01-05-2024","The performance of the crypto market was relatively subdued throughout April, with a few notable exceptions: 
Whilst TRON only experienced a decrease of -3.29%, Bitcoin, Ethereum, and NEAR Protocol saw declines of -13.13%, -14.35%, and -14.9% respectively. 
 How are you reacting to the recent drop?","pfbid02Rttz47TMmaeVacgj3VEWWQD8tFAafWPRGNya8pc1xMwX4Q7CfKhUxDf5sdAi8CJLl","","personal-post, contains-image, not-contain-hashtag"
"https://www.facebook.com/groups/257717734073180/?multi_permalinks=292494210595532&hoisted_section_header_type=recently_seen&__cft__[0]=AZUdgyDt2pDsJ3Aa8U4VQPP8DGivMweJXZQ36G1E-jbWPuZEWJ_2g10RwcM3ng0SpeBTvclzp_NQfu6rrPxvv6j26VahLZXJvtySXdmkcwUaPyZM1xOBXPTGfcQD3CO7yQ_PSLWlsOQyRaJLRBwpGm1oVfwvzju4piVZVQRSixCHovGd-CPawv0U-qIEaEcF6_7QIq5Swnk73_gEbS-Oyjk0&__tn__=%2CO%2CP-R","Facebook post","Jill Matty/ELON MUSK QUANTUM-AI INVESTMENT PLATFORM.","17-05-2024","If I was a robot everyone would love to turn me to a Clown, Slave and frustrate me. This is what everyone on earth does and they pretend to love you.
.
.
.
.… See more","257717734073180/292494210595532","","group-post, contains-image, not-contain-hashtag"
"https://www.facebook.com/groups/257717734073180/?multi_permalinks=292550120589941&hoisted_section_header_type=recently_seen&__cft__[0]=AZUs2pRVlLOu3DMvAReef2jv4cSJV9ucr3zr2K8r7lkjMarSMxvUtQLk5bJsY4TUNtcIQ0Pn1Wq17oPOg2IRslKzkS160GgfJ9Hiz6GHrrN4FODusE7iqvkQ9gg71317DRInx5PNgmVkwTl8xeRXAiyHqEbHG_vDJ4y9rboXKPbtdQm2xnzl7Sr-SwbQ4lVZ92iuTQ90iWGvDBJQaNgqn4rm&__tn__=%2CO%2CP-R","Facebook post","Leah Macintosh/ELON MUSK QUANTUM-AI INVESTMENT PLATFORM.","17-05-2024","Don’t really have much to say am so excited right now I just want to thank  Mrs Jill Matty  for making this possible through her coaching and mentorship can’t still believe I made $6000 in 48hours  am so happy 
 am super happy
.
.
.
.… See more","257717734073180/292550120589941","","group-post, contains-image, not-contain-hashtag"
"https://www.facebook.com/jambotechnologyofficial/posts/pfbid0t6mwT6e7ADLLiqKPWvCrvousTtmZdmRJVFhZ1UKCeig2sqhAa9DS6uGXTW2dJr6cl?__cft__[0]=AZVwDokO8TokgE9nUqxQsOfAGzh5haeHWVa3-FKNvN5un0TioZCv149giQKYey9KOP660q4fTJxam31jTXMjhXgCSgdNGrY0S3l4FNj-vAa4TFhpmDzeH9-7Le8t6aME0z4yRNqEziSnuWtU0oeHPyP_2iJc4yBxIDVZstg01iagr7OlCf972xfHLKt2nf9W_-mY4yg5CQ1VuafyCf6bXddm&__tn__=%2CO%2CP-R","Facebook post","Jambo Technology","18-05-2024","Reviews that make our day brighter! 
 Thank you for sharing your experience with us. Your feedback keeps us inspired and motivated to serve you better! 
#CryptoRevolution #DecentralizedDreams #ChainInnovation #DigitalDisruption #Blockchain #CryptoCommunity #BlockchainExplorers #DecentralizedFuture","pfbid0t6mwT6e7ADLLiqKPWvCrvousTtmZdmRJVFhZ1UKCeig2sqhAa9DS6uGXTW2dJr6cl","#CryptoRevolution, #DecentralizedDreams, #ChainInnovation, #DigitalDisruption, #Blockchain, #CryptoCommunity, #BlockchainExplorers, #DecentralizedFuture","personal-post, contains-image, contains-hashtag"
"https://www.facebook.com/groups/257717734073180/?multi_permalinks=290767130768240&hoisted_section_header_type=recently_seen&__cft__[0]=AZUAVtY0QO9gVU34vxgFMJOVBQ-QT3DKF5T3K3nGqTGXsKlcmxE2dznVYeFQm8TMtRi7BtlHaFK938fKOBZAwj9mX66vAPy6kNQ5OjqMXeiLUj9FREoWUUJgOvIvTtqEL-zbFN6jYbAk8rnYB6Fx77BHa-VpHg36178-hzwDKULuQT3IkgG8dsBO5HeG8DbPZv8pbF20rdogwey40fGCSM5w&__tn__=%2CO%2CP-R","Facebook post","Harold R. Ward/ELON MUSK QUANTUM-AI INVESTMENT PLATFORM.","15-05-2024","Wow congratulations 
 to myself I have done it in my life, For years now I have never regret a single day been in business with you and your wonderful trading platform I just want to say thanks to jillmatty , I am so happy for the Great opportunity he have  gave to me, I just received another profit last week, and i have been able to get my self a new house 
 with the profits I made through ELON MUSK QUANTUM-AI INVESTMENT PLATFORM.  thank you so much ma'am, I will keep in… See more","257717734073180/290767130768240","","group-post, contains-image, not-contain-hashtag"
"https://www.facebook.com/srpcoin/posts/pfbid031z9RjQvyu18hQJADVZNZ3Xs6iSc52S76MFAv1xvM7Zj4esF4TMi8w3feMG3ntrgNl?__cft__[0]=AZVwdcwKNIGZKxh13BpGtorbrjhctxi8KUgR0u9VlciyxZLOBUESSqtvQ0pB9txSFTg2ZHVNu9y55P5S28tvvbB3Lu2eWsNLAzcMADsa0gZyVQTfrhhtIukrlPrRcqf6Rp-gAyIP6eIAS8B90lAfqOE7ndSQe7znbs2d4i2dE-bKSOvKhRKGi8-wAZibbDLi4Xh8MQYMqmNa1HQyjZSY-JlR&__tn__=%2CO%2CP-R","Facebook post","SRP Coin","16-05-2024","SRP Coin (SRP) IS LISTED ON DEX-TRADE
The following pair is supported:
SRP/USDT
Why Trade with Us?… See more","pfbid031z9RjQvyu18hQJADVZNZ3Xs6iSc52S76MFAv1xvM7Zj4esF4TMi8w3feMG3ntrgNl","","personal-post, contains-image, not-contain-hashtag"
"https://www.facebook.com/web3ducationxyz/posts/pfbid02DDaudYpo4Eg43DRqPMFbZf9GkDrdjcByhVwmyJXizh9U3oFWhEBgZFBTLds4UJQUl?__cft__[0]=AZWPa22zYml0Cv_KrSqNu-A3d1O-PSVFbB5xaqSHGBuQDIkRiWWoAXaxQvlFguu-NlDRu1S2khqmFv6suLi_WYOhLLx-lBBvlBd1pq1aphTi18RjBcnE8s-sWEOe3L3wtc_zjiB1mXOLUQtUTdsEGVwO2G2QY2vianWCWiaO15aARarL_-uK56HoJ7ArKJ_kzv5dRj5UXPj-sYSEe-GPbqp4&__tn__=%2CO%2CP-R","Facebook post","Web3ducation","15-05-2024","Oh boy oh boy 
#Web3ducation #Blockchain #NFTs #web3ducation #Bitcoin #CryptoWonders #cryptocurrency #web3 #web3education #blockchain #SatoshiNakamoto #cryptomemes #web3memes","pfbid02DDaudYpo4Eg43DRqPMFbZf9GkDrdjcByhVwmyJXizh9U3oFWhEBgZFBTLds4UJQUl","#Web3ducation, #Blockchain, #NFTs, #web3ducation, #Bitcoin, #CryptoWonders, #cryptocurrency, #web3, #web3education, #blockchain, #SatoshiNakamoto, #cryptomemes, #web3memes","personal-post, contains-image, contains-hashtag"
"https://www.facebook.com/groups/833211996779274/?multi_permalinks=6944076419026104&hoisted_section_header_type=recently_seen&__cft__[0]=AZU9vGtHZBcHUmAyxSX2rebpKQGPGBdPc0TWvBBog22KLefX8I9llv7FKKQIT125XaviBpPKmhVdTHm6FuPw4YXFRts3hBQZGskqmUTlVrLK2P3w71svCbz5GSfTLgbblH0Qjmrv2eULJStkl6uIm-9yrtyjYaN2RmhgMhjDqwHtX_IlPuwqVQv7FVmW7Y00mgTsl_9HlmD5YXZhFUSW7SWeniLGGMWdVavUeV3aB27VYUSznk__tQ2kBb4lA893yqg&__tn__=%2CO%2CP-R","Facebook post","Atallia Exchange/Blockchain & Cryptocurrency","16-05-2024"," Seeking a game-changing advantage? Dive into Atallia Pro's #Blockchain expertise and propel your #business forward in today's high-speed market. Embrace #innovation, seize #success! 
 Join us at: https://atalliapro.com/
#AtalliaPro #DigitalAssets #Coin #Trading #Crypto #Bitcoin #Cryptocurrency #CryptoTrading #CryptoExchange #Blockchain #CryptoSharks","833211996779274/6944076419026104","#Blockchain, #business, #innovation,, #success!, #AtalliaPro, #DigitalAssets, #Coin, #Trading, #Crypto, #Bitcoin, #Cryptocurrency, #CryptoTrading, #CryptoExchange, #Blockchain, #CryptoSharks","group-post, contains-image, contains-hashtag"
"https://www.facebook.com/nexablock/posts/pfbid0bZ9RK29MjYdSa21uy5Yr2McYAKFkhPHQYTSgnDscTTK9xrropeh5SiqqPSJrD7fml?__cft__[0]=AZXBZU53weLwQOUG1XhKVhXUSV735oYOPB-K-j8gpRz55tGTAap1_p3Bqm3azDW4aDUQsVMuL69amXYBJjSDaIoERkXkgUnziBWk-osQJUuc4oycHL-fy7XXAqBilyNeNk6u_L8qXJZi3vUQQ-nPM7NmIWXq6AHb1eWFhBVf2vOefT96vR5OKCwdpBftitVdcwo16A9DlSYXIcjFxIL8eg4l&__tn__=%2CO%2CP-R","Facebook post","Nexablock","18-05-2024","Hold onto your hats, blockchain enthusiasts! We're thrilled to announce that Nexablock Version 2 is on the horizon, bringing with it a wave of new features and benefits that will revolutionize your blockchain experience!
 What's in Store?
Innovative Features: Stay ahead of the curve with cutting-edge functionalities.… See more","pfbid0bZ9RK29MjYdSa21uy5Yr2McYAKFkhPHQYTSgnDscTTK9xrropeh5SiqqPSJrD7fml","","personal-post, contains-image, not-contain-hashtag"
"https://www.facebook.com/groups/257717734073180/?multi_permalinks=291643277347292&hoisted_section_header_type=recently_seen&__cft__[0]=AZUO8P9XzkB_Y4PrN1o0HK3cZZ3RWn4FdB5EELrvQ-5H7pKP2E2b1yhnVeIEZGaHb-5UsCE4GSBwE7HHyagmBqSY7MRqcxLYcBPYqI2VzlRT0d_dFQ10Y95uMMpifl9QyPUTSsuAmvMNPUFwECSBkMjmjdTJtgKOXwDq8H1PxxrIMNFDE020z0zQEpmVdi0Ytq9X5-_xQ2lfqID8_7iJOHB8&__tn__=%2CO%2CP-R","Facebook post","Jill Matty/ELON MUSK QUANTUM-AI INVESTMENT PLATFORM.","16-05-2024","GET A BRAND NEW TESLA CAR! AND $300,000 BY TYPING DONE message me directly in my inbox by typing done first 100 fans
@everyone
#Arkansas #California #Colorado #Connecticut, #Kentucky #Louisiana #texas  #Missouri #Montana #Indiana  #Nevada #NewJersey 
#crypto #blockchain #technology #success #conference #toronto #canada #usa #texas #florida #Arizona #california #unitedkingdom #london #Ohio #Georgia #california #florida","257717734073180/291643277347292","#Arkansas, #California, #Colorado, #Connecticut,, #Kentucky, #Louisiana, #texas, #Missouri, #Montana, #Indiana, #Nevada, #NewJersey, #crypto, #blockchain, #technology, #success, #conference, #toronto, #canada, #usa, #texas, #florida, #Arizona, #california, #unitedkingdom, #london, #Ohio, #Georgia, #california, #florida","group-post, contains-image, contains-hashtag"
"https://www.facebook.com/lithertheofficial/posts/pfbid0zzNj8fDU4XTLeiFq828v3P8dK9GdX5qotaexB8gpamUAhAuQ63aMZhzfRzhfRPFMl?__cft__[0]=AZV8-bWa1jFCcF9X8j5uji3OHYaPuhGpS5UupQC6a_EmVAIZBfeF6XmZodQfqjdSLW0RQMubAXmNZjJiBrVUNWera_5_SEVj8Yfv-DSqZF3G82aB5ZJMrU_eC5JXLLNL59djjaYpz9w57edkAkPpDqyv3PPfVtkPPv0qI_SsgtN4dPgh34aZdK5LMwFoNRDfw9ERWksOJVB-QZDJkxWjQ2g_&__tn__=%2CO%2CP-R","Facebook post","Lither","15-05-2024","Lither and Ramestta have teamed up for a strategic partnership. Lither's super-secure blockchain and Ramestta's super-fast network are teaming up to make crypto even better. Exciting times ahead in crypto innovation!
. 
.
#lither #ramestta #blockchaintechnology #blockchain #cryptocurrency #lithermine #partnership","pfbid0zzNj8fDU4XTLeiFq828v3P8dK9GdX5qotaexB8gpamUAhAuQ63aMZhzfRzhfRPFMl","#lither, #ramestta, #blockchaintechnology, #blockchain, #cryptocurrency, #lithermine, #partnership","personal-post, contains-image, contains-hashtag"
"https://www.facebook.com/groups/257717734073180/?multi_permalinks=291175094060777&hoisted_section_header_type=recently_seen&__cft__[0]=AZU-dVdvfi-OTb3hU1e_9qXsdg9n-Tq0HhFdkiSri5fMxIKDlygQDflmIcMlKdor7AARsYhEEcSN9cG7uhRvBPcJac_CIPdoHpwCVF_RTDhqp3hRlcI0x_f5xF6DMQmSjM8SoKACueZCxV4py6ecbb4xM9m_UKP99lpCfhFTX5dB0KhF5nnBd-21B3oqYqp85ClvdtKEANnhDeCyJElyvV2CZ1YHvW4bbuNcSalllfkPAQ&__tn__=%2CO%2CP-R","Facebook post","Alicia Stephens/ELON MUSK QUANTUM-AI INVESTMENT PLATFORM.","15-05-2024","Many thanks to Jill Matty   for the awesome trade in her company ELON MUSK QUANTUM-AI INVESTMENT PLATFORM.  the journey was easy through her am so happy
.
.
.
.… See more","257717734073180/291175094060777","","group-post, contains-image, not-contain-hashtag"
"https://www.facebook.com/srpcoin/posts/pfbid02EYoCi54ZFZEt2pCMSu7aHXGeq7yH3iUJ5qhQxFADd71E5ZZknTRq8unugXejHGHRl?__cft__[0]=AZXsdWFHw_-dW8AR2RJRMOuszU32QF6r7ViKOTIDZInk6HT1DznvVvbZWOy8Wa6_Jdiixzzniq5QRVzftxWYBCmhHRKCYfWRfppKAuBnhAoii6nbkD0kyehqNRsqr5MMhne952nv2iU9BdM1z-wrX2vP8CmgOTUGoX9SqU1Mkb9otVXROGKeAPjL8IhDS1OGtOAO7IUV9qC1fIdAhpCM11za&__tn__=%2CO%2CP-R","Facebook post","SRP Coin","14-05-2024","Dive into the world of SRP Coin – your gateway to decentralized finance and innovative blockchain solutions!
https://srptoken.io/introduction-to-srp-coin/
#SRP #DeFi #Depin #crypto #SRPCoin #srptoken #blockchain #cryptocurrency","pfbid02EYoCi54ZFZEt2pCMSu7aHXGeq7yH3iUJ5qhQxFADd71E5ZZknTRq8unugXejHGHRl","#SRP, #DeFi, #Depin, #crypto, #SRPCoin, #srptoken, #blockchain, #cryptocurrency","personal-post, contains-image, contains-hashtag"
"https://www.facebook.com/groups/2232835383608889/?multi_permalinks=4499238560301882&hoisted_section_header_type=recently_seen&__cft__[0]=AZVBii3HJzj5nPRsLs3iFh5GX84p53GNMDKFOnAGX0-9WYEvV-JmJxTozVJ5YXCt1FB6FAYt_941_hw7LFxpnyyq4vGUidUlVtA5NUDRkgXEuWNA8k1FMJ4uJYuv8x5YVK30xckbLsgHt1hY7yFHZii47wvTVW7KtUlNIEPegUiHOtyzlvePgcCOd-Ha12bwbrLZWbe3x03YE26ncJOHNzov&__tn__=%2CO%2CP-R","Facebook post","Samuel M Andrew/Ethereum Blockchain Technology","03-05-2024","Retrivexpert From the start, you provided me with a sensation of affirmation and trust. Your inconceivable ability, straightforwardness, and clear correspondence all through the recovery pattern of my lost resources were momentous. You kept me taught each step in regards to the way, ensuring that I realized about the progress being made , I'm at this point appreciative for the viable recovery of my resources . You really keep on achieving more conspicuous work, credit retrive… See more","2232835383608889/4499238560301882","","group-post, contains-image, not-contain-hashtag"
"https://www.facebook.com/ventsislavzlatkovCEO/posts/pfbid0rWVXYcFSr8YgkuJ4a47nMHHD6LWqYKtBFJBzWcLDJgGTdQEBkcGxQBPYiWocvG9vl?__cft__[0]=AZW1AdBLqjTo9no85J5LSeUSXuPW3j0fMbOTSVL8r0iSm-SwQqr0mPB7JKfEcJUjmtqGyB_tsRrmKWGeffEQ0jJVXP54dihV5QrpZ_ndv78C6btrD93f_OCWppkpHJhW5goTrE4UMSK2s0WvTcA5PX0NbaPs-ew05r8a19AqZpq8SQ&__tn__=%2CO%2CP-R","Facebook post","Polygon Oes Blockchain","15-05-2024"," **BREAKING NEWS** 
 **EL SALVADOR HAS MORE CRYPTOS, NOT JUST BITCOIN!** 
We are excited to share some incredible news shaking up the cryptocurrency world. El Salvador, known for its pioneering adoption of Bitcoin, is now expanding its crypto portfolio with an impressive collection of digital assets.… See more","pfbid0rWVXYcFSr8YgkuJ4a47nMHHD6LWqYKtBFJBzWcLDJgGTdQEBkcGxQBPYiWocvG9vl","","personal-post, contains-image, not-contain-hashtag"
"https://www.facebook.com/groups/2880705838814411/?multi_permalinks=3612060082345646&hoisted_section_header_type=recently_seen&__cft__[0]=AZWZk4RO0blBypMyLzgx5KHxaPCaZCwQThEI3ZCAYlfO6d8EP_URwiJllpb-R0OENh7zPu6smOvB1LyqzQ_bPGbQ1ATqqzGLFYVUiX5LBnNg-dsUX94GrdXLzGt5BucenBSuhSx3SXPsqjtKTG3pLXxp2KMOSDEzuq3MeoEySRmihLZMVBR6Z-qLPpSqaxk0SNZjZ0979ToIY0-B1sUNUNX2&__tn__=%2CO%2CP-R","Facebook post","Fayemi David Anuoluwa/BLOCKCHAIN.COM","15-05-2024","I’m not the kind that would write comments about things but I had to take my time to write this one! I was a scam victim, I lost all my funds to a fraudulent company But I got help and I am writing this comment today for the sake of others who got scammed by fraudulent company I got help from arianospy contact them, they will help you. You can also contact them on Instagram #TANGOHACK","2880705838814411/3612060082345646","#TANGOHACK","group-post, contains-image, contains-hashtag"
"https://www.facebook.com/Stepsys/posts/pfbid02dFDV32dupU6iqokAW7ZBV9fL1J5UwR27H2PehVgBqdgXtVLWHLcFFypd9acSv2KYl?__cft__[0]=AZW3DKVvFW3NphAkCAkBkOwf-OXJiSKarQxwWaIULr0rFB2h0DgjiDyb_AToiun4wBEAMTMM8popYEGiuirkdltnmI1tuHK0dU8sx6WqqIphthBu-bZaLB0plNQC4kF77HCjIVbxxBgaGL3xrQLiQ_m4xK13fIMRSUikvxM7PrSs5A&__tn__=%2CO%2CP-R","Facebook post","Simon Stepsys","17-05-2024","Good evening you beautiful people! 
A dinner tonight with not just Millionaires but BILLIONAIRES! to learn more & or partner with us, just comment “INFO” below 
 #blockchain #bitcoin #millionaire #billionaires #livingthedream #onelifeliveit #BeYourOwnBank #followyourdreams","pfbid02dFDV32dupU6iqokAW7ZBV9fL1J5UwR27H2PehVgBqdgXtVLWHLcFFypd9acSv2KYl","#blockchain, #bitcoin, #millionaire, #billionaires, #livingthedream, #onelifeliveit, #BeYourOwnBank, #followyourdreams","personal-post, contains-image, contains-hashtag"
"https://www.facebook.com/BlockchainAustralia/posts/pfbid02pLaB8wnEquNZA42zBCreyAg6P1kNnwiz99NC1ZggpYikHWNzNTfLabcQcooQfSqCl?__cft__[0]=AZWu8aJzAUcOvKHghqmIAkVJvXvDFhXDgLRJeOOT29HuX0wA3Sg6_K8y63GiFam3czObZ3IHqvQ878EY9DGYcmJhFcERK_myiiwDk1Z1mv6M3wUqmUgdLmWhZ4-pI9i6z0DM_Jgz2KR-MPHUwByezmMRezqiojDs7OnDpytsCSE8pvPPa5JLUFU61vvSlcPIYHimdX9zUal6FarLQ8P0bO5J&__tn__=%2CO%2CP-R","Facebook post","Blockchain Australia","09-05-2024","Exciting news! Olliv Bitcoin ATM digital currency kiosks, a proud member of Blockchain Australia, is undergoing a rebranding transformation to CoinFlip (also known as ‘Bitcoin ATMs’). Read the below PR release to learn more about this transition and how it will improve accessibility to digital currency in Australia and New Zealand.
https://www.aap.com.au/aapreleases/cision20240506ae03961/","pfbid02pLaB8wnEquNZA42zBCreyAg6P1kNnwiz99NC1ZggpYikHWNzNTfLabcQcooQfSqCl","","personal-post, contains-image, not-contain-hashtag"
"https://www.facebook.com/groups/833211996779274/?multi_permalinks=6891555934278153&hoisted_section_header_type=recently_seen&__cft__[0]=AZWuOon3UUiMLmutdcwI0bOrx_OXo3fTzPwM3R3rjyExBcbMSF3Ejusn2AZQCAw6hzAoL_ffdMDL10E1ge_ToAaMq8aJNb2CPQq7IwmGKCo55JpUL8CgQEE1AyYEKxLnQw_pCCzpQfCDBcm0U3DCnjKG6cOGNgxxbrXk6IZa2vNsFCtqDRDh0o701c14LNyM_79wDHa7PHhjftBVa1a5ksiu&__tn__=%2CO%2CP-R","Facebook post","Fati Bako/Blockchain & Cryptocurrency","05-05-2024","I need 80 active members for a new project.
Daily payment:600USD
     Yes to be added","833211996779274/6891555934278153","","group-post, contains-image, not-contain-hashtag"
"https://www.facebook.com/cccomtr/posts/pfbid0NvTN5KdPJbKwUMPAZRXgVtHWZNNa9yuGJR9qZrYJzPMoFacyKs6zwyymmcDRmjZbl?__cft__[0]=AZW6XtVNEUWPqGXKAGMcmIaiPtLnEBwEPhWqsI3zHWgUuquhO1KO4BXjenqRm3yQXpKtJpBoKvW9VqFbP_62oUjllHDehHe7GxFyjY9Ut61WkY511JMAGe3E-U7Q2rKpklQe-9PyCyx-u0Yfe8Km9l_YRnJgo2ucmWVYA63emejVHafUmPMZqB4M7Na9Z9haLH5aatyOyPaCdmjx7ShA-qte&__tn__=%2CO%2CP-R","Facebook post","Cryptocurrency News","11-05-2024"," Cryptocurrency News ? 
IT'S TIME TO PREPARE RIGHT NOW, This Will Happen BEFORE YOU KNOW IT, The Potential Is HUGE
#cryptocurrency #cryptonews #cryptocurrencynews #bitcoin #litecoin #dogecoin #ethereum #blockchain #crypto #btc #investors #investment #nft #cryptocurrencies #cryptotrading #startup #technology","pfbid0NvTN5KdPJbKwUMPAZRXgVtHWZNNa9yuGJR9qZrYJzPMoFacyKs6zwyymmcDRmjZbl","#cryptocurrency, #cryptonews, #cryptocurrencynews, #bitcoin, #litecoin, #dogecoin, #ethereum, #blockchain, #crypto, #btc, #investors, #investment, #nft, #cryptocurrencies, #cryptotrading, #startup, #technology","personal-post, contains-image, contains-hashtag"
"https://www.facebook.com/vrcnetwork.offcial/posts/pfbid02tANtBL1QXGX9YagDDjSabPkF5Dbcu4fwhenQ21ojWveu7GzjTVDaGUUm2kEJhGkNl?__cft__[0]=AZVOeS16BZrneQP-503ZnmWG0d08MZuJzOmfbwAqJb-bmQm5REZoydNbSRvLPc3DbogZLO-B8i_oOd2ztnObmVXi6B_ALQ7whiesTNhF9X6IBkMnhp7rxevPN94dcVbG8XCmh3bL6ZnVsPJyDG6lEwFJN3KXva3l5lHd8pB1IA3tSx5W2zH226gpDfbIG0PDdXF7EJKnalPPTNUUgIhVGfKg&__tn__=%2CO%2CP-R","Facebook post","VRC Network","15-05-2024","Step into the future of finance with decentralized power See your wealth bloom in the glow of DeFi's possibilities! 
VRC App: 
https://v20network.page.link/tobR
Website: 
https://v20.network
#… See more","pfbid02tANtBL1QXGX9YagDDjSabPkF5Dbcu4fwhenQ21ojWveu7GzjTVDaGUUm2kEJhGkNl","#…","personal-post, contains-image, contains-hashtag"
"https://www.facebook.com/groups/257717734073180/?multi_permalinks=291869097324710&hoisted_section_header_type=recently_seen&__cft__[0]=AZUN4LeKxf7-IGNL9yQQZalzLCNOpiT_A28rk5tI3bDUxgh85435Goik8Y25cVuQucDd_Qo6zWaYBNTt7lp6Irzd5N5wmF_Mj65S3YD8qPmWdZyAtKr6UQJ329mzMPKElKAJkecNwgz_su-279_R6eHzqyZAEQ2x5A_QK1PjXZgcwJjF5OEMiwvvSVWN32Pey-fi8zVDWWPiavVGAwnvZfko&__tn__=%2CO%2CP-R","Facebook post","Jill Matty/ELON MUSK QUANTUM-AI INVESTMENT PLATFORM.","16-05-2024","Tesla’s Robotaxi Turns Reality with an May 16 Reveal in China Amidst Government-Supported Trials.
@everyone 
#Arkansas #California #Colorado #Connecticut, #Kentucky #Louisiana #texas  #Missouri #Montana #Indiana  #Nevada #NewJersey … See more","257717734073180/291869097324710","#Arkansas, #California, #Colorado, #Connecticut,, #Kentucky, #Louisiana, #texas, #Missouri, #Montana, #Indiana, #Nevada, #NewJersey","group-post, contains-image, contains-hashtag"
"https://www.facebook.com/groups/1645696919028863/?multi_permalinks=3782066495391884&hoisted_section_header_type=recently_seen&__cft__[0]=AZVXcWCrCdgcYWiv-d1tZFYfO-o-lY7dSHp0em3svgfuLPqLNAK-8l3A5JKr_lGpQRltyfSpn4oijMY7E5hzYdoeBXD2QDDhjvYV3MJSC1mafmEzrkvYo1utp1oxSlO4evid6YEnP-Fh0hyGxDtBcdxrtOdyd1WuQDd0o3seeb8IH5UnjTlSxgr8ff_NugX4hGzwHxlBYPqRZGBgIhLZu00zwMEkftjNbnbBVf5t_1JoKRgTBiRE5_WTFBMyrazyXsM&__tn__=%2CO%2CP-R","Facebook post","Blockchain News/Blockchain News and Opinion","15-05-2024","Let's welcome our new members!
Roll Hack,
Risikatu Otunla,
BitSmart,
Shaira MD AL,… See more","1645696919028863/3782066495391884","","group-post, contains-image, not-contain-hashtag"
"https://www.facebook.com/groups/483635836504753/?multi_permalinks=978232173711781&hoisted_section_header_type=recently_seen&__cft__[0]=AZVwF-0UXGJ9c1n6w9pmeaw2LvpUxxel-OWGIXS1F7of_ff35l1mGZal_VmCjm_BHrlpOsZmlos3BXNrGau_aSqKrPfINxMxXmia24BpcGWj9fT88MP-azILztMM_TI4am7bbf19SLh1Wn0zXMhGtqCV5xKLila2ZRH4_0RtIX5cidrg2sezGa7Mo7HREBLiTyxL9LRLnE3YgJ3Jfkd61Rfn&__tn__=%2CO%2CP-R","Facebook post","Rita Kimberly/Sochima","18-05-2024","Welcome to UniLend Finance  where we push the boundaries of the #Blockchain ecosystem!!!
Why is #UniLend talking about #Chainabstraction ?
Stay tuned!!!… See more","483635836504753/978232173711781","#Blockchain, #UniLend, #Chainabstraction","group-post, not-contain-image, contains-hashtag"
"https://www.facebook.com/Maldorini/posts/pfbid02PHRVYFH3xUfkQsELfZ9WsmcYJxSxWytcZNEqdjpbVwLCoMH6GsoXTSCn377tECG3l?__cft__[0]=AZWEQCBbot9EGrUjnJNntq1m5fd9mRHFwivBbnBUk9Ytpp8wsFZntTPM6F4safu3ZxVmdsD-W-o7V-1zSuxv8N-B9s2pW_J3-oozUSkqLL-DoYGg9rLSM1euyja8_fmOkPF_h2vcgxYBSckE3Br-BJPiaCnMCZ0CqHHcMdxlrm9f5MIjxb9yH6VeK20E-enEYHoOwcLXU_bdOm6N5rAv6AJu&__tn__=%2CO%2CP-R","Facebook post","Maldorini Technologies","17-05-2024","MLD Presale Countdown
8 Days to go
Let's Go Maldorinians
#Maldorini #MLD #Maldo #presale #ethereum #blockchain #Bitcoin #cryptocurrency","pfbid02PHRVYFH3xUfkQsELfZ9WsmcYJxSxWytcZNEqdjpbVwLCoMH6GsoXTSCn377tECG3l","#Maldorini, #MLD, #Maldo, #presale, #ethereum, #blockchain, #Bitcoin, #cryptocurrency","personal-post, contains-image, contains-hashtag"
"https://www.facebook.com/groups/1090221011099368/?multi_permalinks=7487467731374632&hoisted_section_header_type=recently_seen&__cft__[0]=AZW68PclkFycDIUvLlFBRHhpBM1enDmj6EJGaj_IOKfy3t6dzedD5_3HjJ2mys1xRT5XqniMpG9TRFfWIolhXLHW7T6zFaXb9P1y_Cle5L1evd36nEgQAZCQc2F5_Cb5XSqJElkZ51ls9h0vQMrvasQga9A44rsNV3Z5z-AJAxnRCQ90ETMEKkH6YraTsjRSDMiIJJ_YfSnTe5bol44GNpibBD38lSdWRtLQz_yQ8T_qkQ&__tn__=%2CO%2CP-R","Facebook post","Shahzad Akhtar/Blockchain Technology","16-05-2024","Let's welcome our new members! appreciate you if like and follow Admin's
Alamin Ahmad,
Payment Solutions for SME and UNDER Banked Sectors,
Vuong Tran,
Devon Wishart,… See more","1090221011099368/7487467731374632","","group-post, not-contain-image, not-contain-hashtag"
"https://www.facebook.com/alexreinhardtofficial/posts/pfbid08AMgGcG5pJuq3ENiwD7NisZxTRJ45gGqGCsDTxFZTaQ1cREi3VNu5FoHZq6f1Nh2l?__cft__[0]=AZVaBEVq1N2XovIW8W_TxYZyZQ2aCEAK87WwPmMUJZN6QA8-C9sq2vG9glyQLlqyDM1ww18_de8svBxbMoDV8bOhVt-NZR0PHnZNqAnNhe8uWNjHBxveTjM7l8Xzb7yt1Y1qgv1WqB6lTxlTKSHX4O-HsG2Kh61yO4aBMk2XI8xUgw&__tn__=%2CO%2CP-R","Facebook post","Alex Reinhardt","18-05-2024","#Blockchain 2024: Five Innovators Shaping the Future
In today’s world, blockchain #technologies play a key role in finance, digital assets and decentralisation. Although blockchain was originally created to support cryptocurrencies, its use has expanded significantly over time. Nowadays, people use blockchain in various industries, including banking, healthcare, logistics, real estate and public sector. 
I am happy that my team and I have been able to lead the Smart Blockch… See more","pfbid08AMgGcG5pJuq3ENiwD7NisZxTRJ45gGqGCsDTxFZTaQ1cREi3VNu5FoHZq6f1Nh2l","#Blockchain, #technologies","personal-post, contains-image, contains-hashtag"
"https://www.facebook.com/groups/340490023317920/?multi_permalinks=1400514363982142&hoisted_section_header_type=recently_seen&__cft__[0]=AZVn0gwR52jjoTh9PIzy3I3cGFHV-yPA4vNUBYw3E1blZRWQ-hr-1PPpyV81CoRQ_pQASb6xAaR7XGjj3oaCGAat5i_4fKvsW6maA9YnM-eg5_SN53XfSj-XETLkPcBVgQjrZckxNgd-Vq-xd96UAoLMmzaE86XTdmutqVrOZSBrURH-R7zmnQys6234GY1lhvTbznJTDKrcRH372XdXW9OvxopbTrSCd9lH8rXyMz5fGj_EDYwiewrkECbkfoH_mZE&__tn__=%2CO%2CP-R","Facebook post","Mulugu Astrology/STO, IEO, Bitcoin, Training and Blockchain Investments 2020 United States","11-05-2024","5 Steps Foldable Mini Golu Padi
https://www.epoojastore.in/.../5-steps-foldable-mini-golu...
visit : www.epoojastore.com
Call :+91 9014126121, +91 7731881113… See more","340490023317920/1400514363982142","","group-post, contains-image, not-contain-hashtag"
"https://www.facebook.com/blockchain/posts/pfbid0szmXxiVQG4HZURMNBnKQCQmEoUhHefzfjdErYGUgCYkpgaTt8izWyYRBsBTX962tl?__cft__[0]=AZVaQ0XlzisYTp211SaiP8UeI0goonC-Af-KgvHuq6ei9RG9oc1kBTM6XwH2wFq2UyWp7YpwmlyRKxkQOZe7ILdfaodk3ro_uMYodPafcBEK1d4Swt3Woh9BrgWtvMJpwA_y_09OoLArB1QsMvXD0DjKJ0WUWk5yQwmKS5oDRniiXV48oJX75PW4gaEZ6zd5T2dWr2EnoUco7OIsVb5ANTCI&__tn__=%2CO%2CP-R","Facebook post","Blockchain.com","21-05-2020","Watch as CEO and Co-Founder, Peter Smith shares his vision for the next era of #crypto and our goal of having 1B wallets by the end of the decade. 
He uncovers how we’ve quietly built one of the most-used crypto products on the planet, sharing never-before released data about the industry and Blockchain.com’s role in it. 
Members of the team also share sneak peaks into new products + features that will dramatically improve the customer experience. ","pfbid0szmXxiVQG4HZURMNBnKQCQmEoUhHefzfjdErYGUgCYkpgaTt8izWyYRBsBTX962tl","#crypto","personal-post, contains-image, contains-hashtag"
"https://www.facebook.com/intellex.it.official/posts/pfbid02iJE5fYx8o3t5vo9k2W3jG9Br8LkJjxdtguU3FyuUecVCGBHmWYCL9HjToCzM7Hzgl?__cft__[0]=AZU4Rrx0gFfdCSZZ_kCg1NJluoVT9lI6dQ_-HZUpJ485pjjuwufiJD_hgYY2aQtZEQLex5Itfv8Y6IK-eKnND9dQ2C8Bfo0Ej7I-vQPS_OPzzyLNJIMuMToCP-dWGyGq8yCyiblmwugAUl6hyrYmMjQTv5bblv3xAp0fD8sRGWxw0eWoCbF386_Z6qwuGz0wl4rwq82bay8sOK4N700GPGyfnNsfh5XfpD_XSm4WrNp_3Q&__tn__=%2CO%2CP-R","Facebook post","IntelleX-it","17-05-2024"," IntelleX-it | Pioneering AI, Machine Learning & Blockchain Solutions 
Welcome to IntelleX-it, your trusted partner in AI, Machine Learning, Blockchain, web development, and software development. Our innovative Smart Tenders Scheme automates all the manual procurement with advanced AI and Blockchain technology.
 Empowering Women in Tech 
We're dedicated to empowering women in tech and fostering entrepreneurship. Join us in shaping the future of technology and making a… See more","pfbid02iJE5fYx8o3t5vo9k2W3jG9Br8LkJjxdtguU3FyuUecVCGBHmWYCL9HjToCzM7Hzgl","","personal-post, contains-image, not-contain-hashtag"
"https://www.facebook.com/john.zarvis/posts/pfbid0Gxv2KKHZnJpBduw8fiMVXGBc9sCtxNxadD15tGRyF5EiDKz6ciEUgu2WvR5fk4vFl?__cft__[0]=AZWA0RXJCIsURkwJLT0VR2EFeumtv2wSKW1OJgBZwq-DcGH6IQvYCGz2s_PuLnAtzcDqSzu6UPINYwvzSy_BWHkVP55W7RMljMj-8I5xxAH4KwmnrgqFnwX_F1-ZGmxgN90FMiFL9erhe9AztcJebkmm1iZ9TZqbqfinh9QzEokj_Iyo83eUCibJ-f-t32dEhSPa52z2SvnwbD8x078pASAiuaxvD1uHmC2eAFZ2UEn1qw&__tn__=%2CO%2CP-R","Facebook post","John Temple Zarvis","15-05-2024","Blockchain. This could be the answer to streaming services that pay you next to nothing.","pfbid0Gxv2KKHZnJpBduw8fiMVXGBc9sCtxNxadD15tGRyF5EiDKz6ciEUgu2WvR5fk4vFl","","personal-post, contains-image, not-contain-hashtag"
"https://www.facebook.com/keyasen555/posts/pfbid02SAx8m93L5QRzmoW2QVK2exBrYY6A7s53XeY49bJ1b42frMdXooZp6HH8nwJCriu2l?__cft__[0]=AZWN6XTDtk-yWaznJitmDnL-E7LJPyLTM2j7cPIM0zAjjUi9q850krxyqlINhKcK8BMqgH2mQukAwFfq60SwU1BoMiNbifXfVPEWTsVD91vplfwv5ydMKJeF8hy0WfkplbQEaozVgv_3GiToaTQk_sT0AoUeaJSJ9XgJsk1GPJCPfrzj04z16HZ22vh5OCZdY94Y9ZOOvlB8IoBwc76tLyDQnXhEvCYgMLiaaaeo8yVn5w&__tn__=%2CO%2CP-R","Facebook post","Keya Sen","18-05-2024","#DiamondReserve #Blockchain #cryptocurrency #dmdr","pfbid02SAx8m93L5QRzmoW2QVK2exBrYY6A7s53XeY49bJ1b42frMdXooZp6HH8nwJCriu2l","#DiamondReserve, #Blockchain, #cryptocurrency, #dmdr","personal-post, contains-image, contains-hashtag"
"https://www.facebook.com/omarkhanokofficial/posts/pfbid0BJC85HXwPWrSi6Vb3LsT4AkzYdQFYG75pRyRLBsusRQXqPELjLEdjNGmYyEs1SmMl?__cft__[0]=AZW1xSnw36WFjMFDcf5MyepRJOoRQbVHmnTfBruiUZdhoWF0HHSSBONOPV1tR3Mw7uSrZpA2s-rrklg-WrVnj9dP2mqMb-dR7C2AnLXrulzbnx9Kbn_e3Geku8TVKHsig26T7RDhCYefg8oza-1q9KuyFPeUmEz8l5s2Il76t9gOT0umoSk2xX_wrYldsBrQaBtc4BOLMVFZJsZRHZMC3HOr&__tn__=%2CO%2CP-R","Facebook post","Omar Khan OK","18-05-2024","An exhilarating and insightful Leaders Meet in Dubai, UAE 
brought together visionary leaders from India to explore the Innovation Factory ecosystem! 
Innovation Factory's Founder, Mr. Omar Khan 
 shared his inspiring vision & roadmap for the future, highlighting the transformative potential of the upcoming GOATAI & other projects too 
Thi… See more","pfbid0BJC85HXwPWrSi6Vb3LsT4AkzYdQFYG75pRyRLBsusRQXqPELjLEdjNGmYyEs1SmMl","","personal-post, contains-image, not-contain-hashtag"
"https://www.facebook.com/pinetworktothemoon/posts/pfbid0t67uieUMkHBQfJLzQtvtJ5VpcAAPqnPxzg9jmdkCwVMcGF2g9CD1EzaGF9nfxN2tl?__cft__[0]=AZWkCeiwuvWLYIoaC2wYeyreDJg5sHObEM4AiJehrO80n4v2gwbf5VRCpbH9l8wnVlZavp-aORKXcy5Pq3zATHT3YR_adZ7p7yUkgnxU0DxqWUm5lGFZPjPpA3iyy5E1lrUHRGRULHWxIY-jV4fAoz617W7HUGpKyTDoxh58U3n-EnSVZU4Cdg_lD6KvP-BH5LcNAI3PGXVssNwyizxGN1jq&__tn__=%2CO%2CP-R","Facebook post","Pi Network To The Moon","18-05-2024","What do you think the price per $Pi will be after ???? ???????? Your logical answer?
?, ?, ?, ? ?? ? ?
#pinetwork #picoin #crypto #cryptocurrency #blockchain #minepi #web3crypto #web3","pfbid0t67uieUMkHBQfJLzQtvtJ5VpcAAPqnPxzg9jmdkCwVMcGF2g9CD1EzaGF9nfxN2tl","#pinetwork, #picoin, #crypto, #cryptocurrency, #blockchain, #minepi, #web3crypto, #web3","personal-post, contains-image, contains-hashtag"
"https://www.facebook.com/groups/1419940724902913/?multi_permalinks=3792047704358858&hoisted_section_header_type=recently_seen&__cft__[0]=AZXXJHUq8Lh0ZvH6_gHRo_N_fgKIgimERVVFrvjkxaba4tUKwIh-bHv6RaZrSZVWLmOLTaUWdwbZfufn7ARF2KkUpNpXL6r0ohkQpqE_uZl-NLq4bVrG_axPlVOfMxR_AmZEoFiqWGeH8vrwwbXdLosaYM-5MLH-DpXsOm--rSOaegJJJiyWARkwja3le9BclFqfzl-jr7med3VzRtbb5lJU&__tn__=%2CO%2CP-R","Facebook post","Rita Kimberly/LOVE AND MARRIAGE, SEARCHING AFRICA","18-05-2024","Welcome to UniLend Finance  where we push the boundaries of the #Blockchain ecosystem!!!
Why is #UniLend talking about #Chainabstraction ?
Stay tuned!!!… See more","1419940724902913/3792047704358858","#Blockchain, #UniLend, #Chainabstraction","group-post, not-contain-image, contains-hashtag"
"https://www.facebook.com/AgarawalRubi/posts/pfbid031idzosQ5umehrz9ytMANxYAxcKtVxnbtGf2dtv5wQNTK6F739kXC7wYLmGKMdsd6l?__cft__[0]=AZVww0vgn9HeMsYyupZApupUK_VSuekssDiSUh9Yp5KNp36eucR3hH-X043ftnBtkp5fKdBJ6S5NjiilNuaqp9pDK0vnW14BfR0M-sPMxHARLMc6aDtUCgJNH08N0AIiXvijUsnH4pGWSOGWVXkMaHoSL0Un8d0BInsinGZHhBTzG3EUoBmnAr8ZwWADr3lb1LeAXyjyfBbXdC9a4r1YFatz5XIOjRI_jbxffHyaf2541w&__tn__=%2CO%2CP-R","Facebook post","Rubi Agrawal","18-05-2024","#DiamondReserve #Blockchain #cryptocurrency #dmdr","pfbid031idzosQ5umehrz9ytMANxYAxcKtVxnbtGf2dtv5wQNTK6F739kXC7wYLmGKMdsd6l","#DiamondReserve, #Blockchain, #cryptocurrency, #dmdr","personal-post, contains-image, contains-hashtag"
"https://www.facebook.com/web30newsofficial/posts/pfbid03LnAHn93Bwk4rwRLwwqhgQRnWtgNdzbGAhmJ9Y8qmbcxgKa1EfKoL965fGJ5X8S8l?__cft__[0]=AZWaq6JVV0iCoWqb1dE-U_umz2ZJV3A0bx0zSCK4KGeYbfLs5rv8g_GUhrOP2tx2DKxNwY3G33_V4mwRfQONUFfBLkBnfdWOJpr9q4JsIcHENCohy3INZTF7OqIOcl6D-UPxjydiVdR1vK4wtWdf-WQEOea45z15dKuu9ej9fA7AvXQs-exCe2yLRC_YWVYUi1Qr3OLdkrIoCoXFiKEohqr9&__tn__=%2CO%2CP-R","Facebook post","Web30news","15-05-2024","#web30 #web #blockchain #news #crypto #cryptonews #defi #nft #bitcoin #ethereum #solana #elonmusk #binance","pfbid03LnAHn93Bwk4rwRLwwqhgQRnWtgNdzbGAhmJ9Y8qmbcxgKa1EfKoL965fGJ5X8S8l","#web30, #web, #blockchain, #news, #crypto, #cryptonews, #defi, #nft, #bitcoin, #ethereum, #solana, #elonmusk, #binance","personal-post, contains-image, contains-hashtag"
"https://www.facebook.com/szymanski01/posts/pfbid025Vws2MN6MXggmKjV3JnGmx2JYGyNoojD33hirNHXAstZf8Mans8fi5faKYqX3Tjl?__cft__[0]=AZW27kD-WcqtW16D-lmP7adNxf0hCkv3ulFREFMkkfGRbX4YebNnTyzSnokFC5FPVRmxop69JqQvGNP3ICjMXlvnfDnBzSzDRbt4BZIvLFlVycM5Shczw1pv5uGJYW2iskLcgG-de9KvjcIfXh_6Lqp5kag1PcZUaNYPLkmLskKGqasuT794LRyx_n3tYdhDeRjmx7Xg0cv97xmhXKSsmT3x&__tn__=%2CO%2CP-R","Facebook post","Szymanski","17-05-2024","How to convert your Notcoin to USDT & Also Sell your USDT On Bybit P2P Marketplace 
#AirdropCrypto #PiNetwork #Bybit #ethereum #binance #Airdrop #IceNetwork #blockchain #etherium 
https://partner.bybitglobal.com/b/68446","pfbid025Vws2MN6MXggmKjV3JnGmx2JYGyNoojD33hirNHXAstZf8Mans8fi5faKYqX3Tjl","#AirdropCrypto, #PiNetwork, #Bybit, #ethereum, #binance, #Airdrop, #IceNetwork, #blockchain, #etherium","personal-post, contains-image, contains-hashtag"
"https://www.facebook.com/gregor.horvat.2001/posts/pfbid0x5yQr9QzWuAYA3gwiq3dEEwcgPgAZTWaUAivwC1fqNNmiYuTkSELxVVVeGGyXzuYl?__cft__[0]=AZU7aqm1Qjqe7ny4lHqVzEsCcmNAtJsrlAMoUbHJ2Uxh4LdzVNcTli88NzZOVcYjDJdWYtefsXi14En1EDZNrfc4_BrmQzQMq-MUrxieHtsaoCG-UHLs8E-vT04LbyitSnXc1pwDdx9OHQ-L-VreA4QRViryvIMudwayZXEuoYfwEg&__tn__=%2CO%2CP-R","Facebook post","Gregor Horvat","17-05-2024","Don't let Fear scare you away from your luck... I do operate in a platform where you  have access to your account anytime and monitor it yourself..
My platform guarantees 100% winning rate which means you won't experience lost of money ok
.#newcrypto #bitcointrade #success #financialfreedom #Bitcoin #Cryptocurrency #finance #trading #blockchain #Investing #crypto #forextrader #trader #stocks #ripple #forexsignals #market #stockmarket","pfbid0x5yQr9QzWuAYA3gwiq3dEEwcgPgAZTWaUAivwC1fqNNmiYuTkSELxVVVeGGyXzuYl","#newcrypto, #bitcointrade, #success, #financialfreedom, #Bitcoin, #Cryptocurrency, #finance, #trading, #blockchain, #Investing, #crypto, #forextrader, #trader, #stocks, #ripple, #forexsignals, #market, #stockmarket","personal-post, contains-image, contains-hashtag"
"https://www.facebook.com/Kairaa.tech/posts/pfbid0Mq7ZV1XCh2LeKZhn4i5bT5zgNTHnsxk7EzVrX2oUij5PUNs1iWmuz8pHmPVeJ5DYl?__cft__[0]=AZUaxXACoU1Pj7Ozdfg5LYjJiNQPRDq3GX3NGsX1KJSuWE3mM6lII2iwV7QMi2HNnDx3fJZGt8XyycDgtVfBhe7Mx6wfZPCOFFuBO8wdEILipyXknEJB5LkPv3vHgGSkzNTtylbUBabidZ-ycLNwHcu7O8Rk4AdA81mCINVyIE_rYs9LjmwbqAr11M0YgSh_UfJI8zmGREHlCkbFxG6DPhpG&__tn__=%2CO%2CP-R","Facebook post","Kairaa","17-05-2024","Play-to-earn on Telegram Social media is stormed by Notcoin airdrop.
For more details and updates.
Website: http://kairaa.in
Mail Id: Support@kairaatechserve.com… See more","pfbid0Mq7ZV1XCh2LeKZhn4i5bT5zgNTHnsxk7EzVrX2oUij5PUNs1iWmuz8pHmPVeJ5DYl","","personal-post, contains-image, not-contain-hashtag"
"https://www.facebook.com/pinetworktothemoon/posts/pfbid0TqGws7ciL9MZADdZo6ezh5mYzfaQ4L2MrcLxrpvGDYudeKWurbyQUBwm4ejG3gwal?__cft__[0]=AZVO1TOm3JyPekz_g4CDFAKQPnSNGN2gwKTgZY5hjNY7w1Fpn_7qSYzN1GwRgGbbNc0vHWQUzk-taWuFccO1mugfznzdiZ0GdyugGRyNKuHfIDhDkZMt2epoqJrvnve8ntkrvLOSYVTzksZgcw_I5QCw1CdBijiDrVFBieMX_zjk9wgeldSbHLV3OCDm85mb9pkCamYWm4W1wgNRTRl7D31z&__tn__=%2CO%2CP-R","Facebook post","Pi Network To The Moon","17-05-2024","PI NETWORK DON'T WORK HARD! JUST WORK SMART!!!
#pinetwork #picoin #crypto #cryptocurrency #blockchain #minepi #web3crypto #web3","pfbid0TqGws7ciL9MZADdZo6ezh5mYzfaQ4L2MrcLxrpvGDYudeKWurbyQUBwm4ejG3gwal","#pinetwork, #picoin, #crypto, #cryptocurrency, #blockchain, #minepi, #web3crypto, #web3","personal-post, contains-image, contains-hashtag"
"https://www.facebook.com/CoinageBuzz/posts/pfbid02sCa8zzyfy1f5AQJdkAQbjNjmranLD2wSspgtbvVosCj1VpauCCgJFDu4oFkJGf7Bl?__cft__[0]=AZUMln6rqmKE6KDM_lXZJpvdCo51cUDpLdbio9z0EoQ_Mq429Nb7SjPdha99XQYmUBBjUQ1LFz4qUjOTryddpxX62aCt80cHotJU_RaA4Iq5OtFcV9K9s5ZtDjKmwryAyqiM8eJ2V11834tqeE0rqMSIRaVzZWOuK2jEqrc71NfCWtiIQh6ahL7TV4rX-tGfqrzI_D17DvLy9oJmvI4qBU0q&__tn__=%2CO%2CP-R","Facebook post","CoinageBuzz","15-05-2024","Blockchain has ‘really big problems’ to solve in the Philippines: Jaymes Nicholas Shrimski 
 #Blockchain #crypto #bitcoin #cryptocurrency #btc #ethereum #blockchain #eth #xrp #trading #binance #cryptonews #news","pfbid02sCa8zzyfy1f5AQJdkAQbjNjmranLD2wSspgtbvVosCj1VpauCCgJFDu4oFkJGf7Bl","#Blockchain, #crypto, #bitcoin, #cryptocurrency, #btc, #ethereum, #blockchain, #eth, #xrp, #trading, #binance, #cryptonews, #news","personal-post, contains-image, contains-hashtag"
"https://www.facebook.com/BlockchainExpo/posts/pfbid0daL14UyXspp7Nb475m66z1AhoySbVytgeytZfRciFHPVmRQHSYwYmXL7aenKQJqYl?__cft__[0]=AZXLj2o7F6T3rYxEC0dT6DGGBp2mYxjgWER81Zk_BEsXBnpBLeITvRtuAk3dklfMLCR3oBcB3XHBPBLSnzc8wLnSVJdOG-h7g-3_kF9r8OPbCxv-MqElFQJelPQ_85-fxeA5-LKUXDNo5H8ih5qxWL_LLiUWnom0mSD-zTZZpSZiltpkaVgHGwfOHW2frs6d1lJFxPBpY5-CYGHLg0RjDtuP&__tn__=%2CO%2CP-R","Facebook post","BlockchainExpo","24-04-2024","Archblock Stablecoins has launched 1USD, a new fiat-backed stablecoin anchored to the US Dollar. Find out more: https://lnkd.in/ef-X9b-7
Connect with Blockchain, Crypto, NFT and web3 Ecosystems at Blockchain Expo North America on June 5-6, 2024. Register today: https://lnkd.in/d4vMijR
#stablecoin #blockchain #TheBlock #crypto #NFT #web3","pfbid0daL14UyXspp7Nb475m66z1AhoySbVytgeytZfRciFHPVmRQHSYwYmXL7aenKQJqYl","#stablecoin, #blockchain, #TheBlock, #crypto, #NFT, #web3","personal-post, contains-image, contains-hashtag"
"https://www.facebook.com/Stepsys/posts/pfbid022wdH6psknFVjGeCV2QN562JBBGHRCfRrsAR7bjMhwuxJAhfKMoqKkef7Fdbg3BqJl?__cft__[0]=AZUQ-NHdc8i7WITsCRY1_htjScmoDwGnTDN3iBTs-ZJFSKofgDITkBLgmIlpt5Adarrx5jtRogib1qwU3AaqRq6YUZ6cRoi18crS9BOVMSUr-iXBv_zcZdzMV8IPlf_sPyNdPy8kOsvGbLrH0Q_gKyx3W84WelgYOeaBicuRvos5qA&__tn__=%2CO%2CP-R","Facebook post","Simon Stepsys","18-05-2024","#billionairesclub #thenetherlands #blockchain","pfbid022wdH6psknFVjGeCV2QN562JBBGHRCfRrsAR7bjMhwuxJAhfKMoqKkef7Fdbg3BqJl","#billionairesclub, #thenetherlands, #blockchain","personal-post, contains-image, contains-hashtag"
"https://www.facebook.com/cccomtr/posts/pfbid0N1Ge5riF2XqCsm9AsD7DRh2QccV4f2kg6Fys6mhAUW193RzDeLAKuFmWEDF5dP4nl?__cft__[0]=AZXoYTz-7zILbZgwwBO3bNN57Ci87kkjXvBSJBXOnraqpk4JctO0UaYN6XV6WEpZsWDuzdej49FMNYwcKDkhCZdi_SOP7AKyWPPjAi7ecHtkb8Xjz2ptYuPnDu6IWoBVDMpcd5nqYqquqwzPcaTm60R8hkT5TCpJWtE8hgmwqkA-xqojVAyZAo1xiupt-vo-RzomMm3mfpQJyRFOhdAvUbln&__tn__=%2CO%2CP-R","Facebook post","Cryptocurrency News","19-04-2024"," Cryptocurrency News ? 
What is bitcoin halving and how will it impact its price?
#cryptocurrency #cryptonews #cryptocurrencynews #bitcoin #litecoin #dogecoin #ethereum #blockchain #crypto #btc #investors #investment #nft #cryptocurrencies #cryptotrading #startup #technology","pfbid0N1Ge5riF2XqCsm9AsD7DRh2QccV4f2kg6Fys6mhAUW193RzDeLAKuFmWEDF5dP4nl","#cryptocurrency, #cryptonews, #cryptocurrencynews, #bitcoin, #litecoin, #dogecoin, #ethereum, #blockchain, #crypto, #btc, #investors, #investment, #nft, #cryptocurrencies, #cryptotrading, #startup, #technology","personal-post, contains-image, contains-hashtag"
"https://www.facebook.com/blockchain/posts/pfbid021cdeni9YSYAP5xHChnfbFmsXQWedKFJj1KmV2RpqxVxtXwE7gfzT8wtNaZ2B4nkal?__cft__[0]=AZXbtaW8vy88lUf-Cr2c2dVcvvSLiqYeLpqan8N0kSNL_DeDRQ-lf_NQAAIWcHDpN71F1o2s9iuNJUUt6OUwj1hcvsHGBNb3Mdk19ShPWbqc2FkWnLwGeB1DVsf2nyDIBUVgtOqQRcZQJwWG2BhqblTid0OFoRXyY0d6GAdVaDobsM9YhDHIk1B5VxoPtsarBgWufgosdXyIwyZbRrsnerk_&__tn__=%2CO%2CP-R","Facebook post","Blockchain.com","22-04-2024","Are high Bitcoin fees getting you down? 
We break down everything you need to know in our latest blog 
 https://www.blockchain.com/.../demystifying-bitcoin...","pfbid021cdeni9YSYAP5xHChnfbFmsXQWedKFJj1KmV2RpqxVxtXwE7gfzT8wtNaZ2B4nkal","","personal-post, contains-image, not-contain-hashtag"
"https://www.facebook.com/groups/1090221011099368/?multi_permalinks=7496919087096163&hoisted_section_header_type=recently_seen&__cft__[0]=AZVU1lfY-37i3FAvoM7neuAsLYtOMn6yKMCsiK-IkAvnK_h6-UQ2iAi8lirGIWKMSwiPOwDTtir287SFvFO_OAN1SHrGgMAUfMg-mWh0_d2LvTKYC7bv8oJdqQy-dJlEO1iXEzHgi4RX7q38N8-d9mhKtRjGhCJ-a8D0u4iYlmXgN9dP29PqpDRQYer-eEBa6BNHrGq0jFUmJDaqOqndGt0fl07ds-uE3LABSDLGiK0DiQ&__tn__=%2CO%2CP-R","Facebook post","Zain Jutt/Blockchain Technology","17-05-2024","i am blockchain developer having 4 years experience 
my services 
1 Token Development … See more","1090221011099368/7496919087096163","","group-post, not-contain-image, not-contain-hashtag"
"https://www.facebook.com/blockchain/posts/pfbid021fh1WPHESA5xNv5S48FCHHhYSoyg9Hm6KZKKsq3PKhS1PiWE9jp3WZSJ6XVb7eayl?__cft__[0]=AZXaDMd9Zh8U_xdq-m37x3S-zulE6Axcor8POKR4sJIWoUqS4lVr7XJ_ZEu6Z-TiBYt8pCn0vSofC970jAUuI1ZU6ACykgnAHwaVbmcOQ3AV0Z5ohXJGXfO126jqjqzXzCHz3stBOlCOdDv4UNPcpAUY9jLz6LylIyNq3Uim7TK265q4Pr3ODodepNej6n4imImWtLqrRY61paf0DFQtKTu5&__tn__=%2CO%2CP-R","Facebook post","Blockchain.com","10-05-2024","Currently:
 blockchain.com/explorer","pfbid021fh1WPHESA5xNv5S48FCHHhYSoyg9Hm6KZKKsq3PKhS1PiWE9jp3WZSJ6XVb7eayl","","personal-post, contains-image, not-contain-hashtag"
"https://www.facebook.com/blockchain/posts/pfbid0hzRhAyU8jyuzioQvnCwxuGVJ84JpcgomyrwEgNQag3cricmWoJq8nbH6ZGEvm7BDl?__cft__[0]=AZUVjCGkuGkmSXyloe0qAELQMQ-dPblLnFriEalKvPStCtrqB-7QciKw9Y2l5MW_cOOF49h_zlA8dNI-zVxz1fq_U4v7X3s4fPjj-3MeBx6cRRh2AQlMw4VtLT6F8GGLIb39qyXNKc_oXWw9VLEn2ko1T1sygi5ccfEX3vVx63Nqae9vqbLOe4hejpE9SWQ9Anf4LjEXslMgayx1jZDTVGVd&__tn__=%2CO%2CP-R","Facebook post","Blockchain.com","10-05-2024","drop your favorite crypto memes of the week","pfbid0hzRhAyU8jyuzioQvnCwxuGVJ84JpcgomyrwEgNQag3cricmWoJq8nbH6ZGEvm7BDl","","personal-post, contains-image, not-contain-hashtag"
"https://www.facebook.com/blockchain/posts/pfbid0DvRxGZzfhKWTSXKLFyNnhewex7c6HG26XGpV7ifd72jpZhffm92yKUEoJizjucTDl?__cft__[0]=AZVg4hk5u38U8Yq-z5zkf-8A8P83PR_V8HcYq3zWkG7_Jvy83gBeM16pGs98d5c0l6UbC5OHlFrPTvyusYHCmqBi9JNejWDRkdzk05SKFpwS_HRnnN3rcDPs8O84ult_vB4Xd_O-bKXpyQ0Rdp72-_STmxl1-BrNpH7vkj8nnvX7qyt-XQUKunGu-FvYnE1sr-KW7ml1bfzRlN2f1r6_gDV1&__tn__=%2CO%2CP-R","Facebook post","Blockchain.com","30-04-2024","The crypto market at a glance 
Find the heat map, real-time prices, tracking and insights on the Blockchain.com Explorer. 
blockchain.com/explorer","pfbid0DvRxGZzfhKWTSXKLFyNnhewex7c6HG26XGpV7ifd72jpZhffm92yKUEoJizjucTDl","","personal-post, contains-image, not-contain-hashtag"
"https://www.facebook.com/blockchain/posts/pfbid022mFWJLY4kMmtB1KQuQAHSdhBQd1ZHXVhSFuUYPViCma3n3N3K9FNPZWHMPLMo5AFl?__cft__[0]=AZX9o2DgfS-be098dOufeEa-Peiq_QH3b-GJ6B2Rh-eewF7_XJRINxTvhalNPXiLTK2jpsKt-lY1oYO1AgthQ1ZpXykxIVsCpdvu86_j8b2pL_ADEnpX0KO7ddMpIZi-VjYsESeMnXgWOqAu5x8MSmyZoKMB7ddFtwzMi8KleXDXpapGIR41o1nWb0JnrOlbW_Y7MiwpoZv94pwDfGLnDQLY&__tn__=%2CO%2CP-R","Facebook post","Blockchain.com","01-05-2024","Is this what you've been waiting for? 
Bitcoin price is the lowest it has been since February. 
login.blockchain.com","pfbid022mFWJLY4kMmtB1KQuQAHSdhBQd1ZHXVhSFuUYPViCma3n3N3K9FNPZWHMPLMo5AFl","","personal-post, contains-image, not-contain-hashtag"
"https://www.facebook.com/groups/637253861590697/?multi_permalinks=841463424503072&hoisted_section_header_type=recently_seen&__cft__[0]=AZXgm4OnqYF7Wu_BSqsTq0IYqHw96KqB-KM5NPrKTysDdOqRSjGyXEBoWSd_MpJNT5vULKwpUWcqDsBuwjfwjHv_9r-cOBnWhwiyQ3AbkFRziW2Ee146ekrzImqM-_HsSDN6ieUrB-_-fYisCPg89F02PXRxKrYqmRw9eZR03gp31YeBbfb81bRvk-qE7uJM2nedmXwfbV_qhWiUAfdh3PJi&__tn__=%2CO%2CP-R","Facebook post","Exceptional Francis Edomwonyi/Zenix Network","16-05-2024","$ Novas
A very Big project on Solana!!
web3 dApp built on the 
SOLANA blockchain
Very strong project you shouldn't miss
 Da… See more","637253861590697/841463424503072","","group-post, contains-image, not-contain-hashtag"
"https://www.facebook.com/blockchain/posts/pfbid02h34CczvEdPAFKGXLzNjbvqrFqs1GNYu3uoCjfZ9mwzbLBeyvqMfB9SMsV6NJQbNjl?__cft__[0]=AZVrk7kpbCiLmaz4evNDOobqVesJk8mBCx1sGBnK7IEg2nUxCQNK2X9prROXQiZZMzscthVGuZ1eCbboHBZTwpaHJ90b27FV2yb2BGdRZLiqzpQoRRK_r7GC7XuNevRMf6K9yj_FlFvmhWRKoxE1xpOjBivHfpCmILCJ6jlJjvpS9IqWXVOHCW05Y_9oOvN9Tm22aFNTmKAenQxjPVIwNdVO&__tn__=%2CO%2CP-R","Facebook post","Blockchain.com","20-04-2024","It’s official!
The highly anticipated fourth Bitcoin halving event is complete 
The block reward for miners is now officially cut in half, dropping from 6.25 BTC to 3.125 BTC. … See more","pfbid02h34CczvEdPAFKGXLzNjbvqrFqs1GNYu3uoCjfZ9mwzbLBeyvqMfB9SMsV6NJQbNjl","","personal-post, contains-image, not-contain-hashtag"
"https://www.facebook.com/blockchain/posts/pfbid077CZLMFPmMzRADvu7xVzbLKWoyRbM1c1VfAZTsPfjbpNxHq1t5TFBTs7L9UqaHQPl?__cft__[0]=AZXfs4aUsoRw4WWe8bSWftuITuF7AxHqVKUaEJvnShLuQ6AOJ6FLh2XXEXRV65z0RTwkx6Af-gt30KUGTVTdsovZ7fS6-7RbmiNcmIKbdzSf5Q_-Hv1WEnUUpE4XZyRNU021eHGttKOv4LbXWSM5HBjBf0x2qMyUXz_rssgpSJQvlxp3mhl4lJ8X6awz8hSjGwKDWbfgB9J3xgAoMLAL4tL5&__tn__=%2CO%2CP-R","Facebook post","Blockchain.com","25-04-2024","Explore the Explorer 
The Blockchain.com Explorer has a variety of data, including free real-time information about blocks, transaction fees and more. 
 blockchain.com/explorer","pfbid077CZLMFPmMzRADvu7xVzbLKWoyRbM1c1VfAZTsPfjbpNxHq1t5TFBTs7L9UqaHQPl","","personal-post, contains-image, not-contain-hashtag"
"https://www.facebook.com/pinetworktothemoon/posts/pfbid0a13iVpVHq3ixLqe3UwADGJkGnSjHnbRqg236VgSUyr1SQsTvo8x7v2jmC8ZEzUZzl?__cft__[0]=AZXOR7RYbVKQrZaOeCpk4GsWq3A_iarJEq_j-Bjv8i6rpB3l_PeRhE7yfX-iBwB3pXH9GIqbCXJwiSAwXyjfWf_WPC_VFrGnFn9dMJtMkdlu8BsHi6-KVb6mzgWOFw55MbP2Dm-gGTWqWzlP3evpPYB3UIxx6c46M9qteHv2CJwU78dOQghpe_PvZyCBRnEWJ5ALTBC3fu0xuqOLpIRPYa6Q&__tn__=%2CO%2CP-R","Facebook post","Pi Network To The Moon","18-05-2024","The chance to open mainnet is getting closer!
When do you think @PiCoreTeam will announce the mainnet date?
#pinetwork #picoin #crypto #cryptocurrency #blockchain #minepi #web3crypto #web3 #pinetworkmainnet","pfbid0a13iVpVHq3ixLqe3UwADGJkGnSjHnbRqg236VgSUyr1SQsTvo8x7v2jmC8ZEzUZzl","#pinetwork, #picoin, #crypto, #cryptocurrency, #blockchain, #minepi, #web3crypto, #web3, #pinetworkmainnet","personal-post, contains-image, contains-hashtag"
"https://www.facebook.com/blockchain/posts/pfbid02GKg1Jz2Fn3AizQkLECYw8MmvkUcN1btWtYoGJgLsqDKawXcJUpyVcR3AEdjDKGkrl?__cft__[0]=AZUgmZECfqSpoyrcaxljmTkWT19PF9dmkAccW6sSXWCz2CquuFQgWZjYT47cTmb6XpsF-dADzrl-H6HlJG9rUHLryf_pJBjc-nE2VKN3jHL-DXuCqrKruUrNaxwHzJ2e3K8wx82x_M1R-WdeijKM3clbX6zrL8MFJwGvzbqirvVe5POHdc_FRuXkNxH4DlFg5YEl-uoGgTiIyjdc0JSeVYHX&__tn__=%2CO%2CP-R","Facebook post","Blockchain.com","26-04-2024","Last week on our app, we asked how users thought the Halving would impact the price of #btc.
Here is what they said...
 43% of respondents believed that the price will skyrocket… See more","pfbid02GKg1Jz2Fn3AizQkLECYw8MmvkUcN1btWtYoGJgLsqDKawXcJUpyVcR3AEdjDKGkrl","#btc.
Here","personal-post, contains-image, contains-hashtag"
"https://www.facebook.com/groups/210629732871571/?multi_permalinks=1463785030889362&hoisted_section_header_type=recently_seen&__cft__[0]=AZXd_zYNKeZ0eOclk3sZAPGBHO-4bmu-wcz3qrIBbwOpakjyyXK2VAMrN8XjybWrtqWaSsBdOcEYQOrgqAiLsD2JS8oK3z09buH_ZfPLFneFeskQT7m1PfmRy7E3_Je7Hk5PHD3dwZ2q4DtTCfkCGtrM62dXhp8tsKUbRBpFPL7npVhWF78nKWtHMRorLlgCXhHRlMoE1fDs6LmeFY2OFz2oV9kk8UI4RGluaRrCTF9B7Q&__tn__=%2CO%2CP-R","Facebook post","Khaled Haddad/Blockchain.com","17-05-2024","Today, Blockchain.com is 6 years old! Thank you all for contributing to the strength of this community.","210629732871571/1463785030889362","","group-post, contains-image, not-contain-hashtag"
"https://www.facebook.com/blockchain/posts/pfbid0ou8NQwpuy2jM7e4bEP71dMk4iDu4dd2WsZTdpSTfrU2cEyUS6sUiQcxVByVJXiKfl?__cft__[0]=AZXC98sPn2C1jNT3QCKW3opeE_nJtLEDX0L0zkh9BZl-IIFXY_WEhXC2JqZlLhlLAjzKLWZWO46j6ArJca9FjJplw28o6W_OOBmVuXs-M3vKavXvKwAb3GjKsKClGTHsd5EV6GVCYYMOS3Hf4v4JdcxLOxQUJ8GV6V9UHGwNgmy49Qm5YvYp8YgZ0JGYwHUNeuXNK0BCcY1-gQd1Aredpp2D&__tn__=%2CO%2CP-R","Facebook post","Blockchain.com","03-05-2024","share your favorite crypto memes of the week","pfbid0ou8NQwpuy2jM7e4bEP71dMk4iDu4dd2WsZTdpSTfrU2cEyUS6sUiQcxVByVJXiKfl","","personal-post, contains-image, not-contain-hashtag"
"https://www.facebook.com/blockchain/posts/pfbid02YMVGWVqRuvP4rytC632AhMvPKNMXtrorh9SJ1Dj42syQqtkcoQv8KrnpozdZSPMbl?__cft__[0]=AZU5zb3OfQwk7UbGrgltJukL4r1G5a1rbXwtDC9omJwHG4ubiKAOxUchgMGFKhjL3_EtOjwjRVtkXEsbRSDX9oUTMst0DemKcSiSPT6ciyV9jW82xRe7A40yfETjgxPFBM_B5q2ukSw60rl0DsCxc_iRZHpmQ-_66Wp-oBjqrWVRCTOcrhAzH1Xjt3dcURHHpbCkwqrgsfnhVxQTtcGYkLby&__tn__=%2CO%2CP-R","Facebook post","Blockchain.com","02-05-2024","Blockchain.com x MetaMask merch flex ","pfbid02YMVGWVqRuvP4rytC632AhMvPKNMXtrorh9SJ1Dj42syQqtkcoQv8KrnpozdZSPMbl","","personal-post, contains-image, not-contain-hashtag"
"https://www.facebook.com/groups/1212378272190328/?multi_permalinks=7433406340087459&hoisted_section_header_type=recently_seen&__cft__[0]=AZVBbdKnDOtoWg3KTxGiN99_y3gMORYxi8Cfa_oZRwNDBp31UlbQxPKc3Smzbpjh_0ejwWCGYi9T-0CKah_dOMzbf2RGqFCjs1SFwUQp_EOtLfA5-o0ycpR2gUrxfXIMXRUolltaEDGjab7vbaYO7qqet60pdMxhZboULB8D8JLpPhskcqddgJ_ONCue475BKqMqqgCWh8c-G0r4XSKPomid&__tn__=%2CO%2CP-R","Facebook post","Kashish Singh/Blockchain Developers","12-05-2024","Urgent Requirement for Blockchain Developer (Python)
Experience 2-3 years
Salary based full time job
Work from home 
WhatsApp me your updated CV +91 8287105252","1212378272190328/7433406340087459","","group-post, contains-image, not-contain-hashtag"
"https://www.facebook.com/blockchain/posts/pfbid027nJ7USuSrHunQnx5MFiHSjuHvAh9NJqV8YT4Jh5dnCjuEXCihfN47wZj4qfMJLR2l?__cft__[0]=AZXR_Mtzekd-SHrTn5c-UriiGQrvWCtVuDmzK8ZtyzW6GXFANoaoYJFIJq8ATuyer-S8NLL-Y90FV9WZEvk01oD72uKNPEmS379Ncb4hz686GvwqkTxWuAEMVS_C96JEN20ty61aKrr3tRL53X2PsX6sBln50Qt8mjGEZoKiWpShLkRue8hEG_aFHYDL_qiZqCvE7m4xYgjQqOd7Gf9uEw8j&__tn__=%2CO%2CP-R","Facebook post","Blockchain.com","22-04-2024","This Earth Day we're breaking down the world of crypto consensus mechanisms and their impact on our planet 
When the Ethereum Merge took place in 2022, it saw Ethereum transition from a proof-of-work to a proof-of-stake consensus mechanism, reducing Ethereum’s energy consumption by approximately 99.95% 
So, what's the difference between mechanisms? … See more","pfbid027nJ7USuSrHunQnx5MFiHSjuHvAh9NJqV8YT4Jh5dnCjuEXCihfN47wZj4qfMJLR2l","","personal-post, contains-image, not-contain-hashtag"
"https://www.facebook.com/cccomtr/posts/pfbid0FY2NmVSd9gXSG2Bpmo6ftRkDNSiza3Mzv47YFa11XEdNXzYAdwnq4Nzi8ZgsN15Hl?__cft__[0]=AZWXAKnNb4jj9vOn7Xb9XTrmY6sNx3XSFpy8LOQJXY2rXzEydAIrm81WBJW_fi4ieibuurHcTHWxSajjhqcG5TOYutvQa9CCiaaLP1Hf6vZokKn5-tCGaGHR7sV_vw8KjC69GLH2JBelilSSRTtDj2_JgCCc8ieOmOD7nuo4wZJgUvAWm-wyQ0i1fWlKSi6Z8zWxF2eFLPBJSgykQt5U6Xxv&__tn__=%2CO%2CP-R","Facebook post","Cryptocurrency News","17-05-2024"," Cryptocurrency News ? 
Litecoin Price Forecast: $70 Reverse or $100 Breakout
#cryptocurrency #cryptonews #cryptocurrencynews #bitcoin #litecoin #dogecoin #ethereum #blockchain #crypto #btc #investors #investment #nft #cryptocurrencies #cryptotrading #startup #technology","pfbid0FY2NmVSd9gXSG2Bpmo6ftRkDNSiza3Mzv47YFa11XEdNXzYAdwnq4Nzi8ZgsN15Hl","#cryptocurrency, #cryptonews, #cryptocurrencynews, #bitcoin, #litecoin, #dogecoin, #ethereum, #blockchain, #crypto, #btc, #investors, #investment, #nft, #cryptocurrencies, #cryptotrading, #startup, #technology","personal-post, contains-image, contains-hashtag"
"https://www.facebook.com/groups/299024103558550/?multi_permalinks=7173185509475674&hoisted_section_header_type=recently_seen&__cft__[0]=AZWGtOK3tOSY97WiMf-JSNmX6rBr6rkjUCGv45gdbLTIouNstZxY01UXwZU1bTm9a2sDtxciNEevlwj_ZCbvFnOhkHEOf40U2D35lk-CnVWxBdHGkUJpVlIN6Xe7TSPXa3GvmBtcFgIGly1xehnbp_5JQxOB9LL_hMzR0tqeTRLm1DEtSCohgSt1wShhBXu8D3ygtQCNdHw1vRBJCFgPs1v9nmn637l72LrFaogs3GEMW_-hVrxadM-Hphq7j8e8fVM&__tn__=%2CO%2CP-R","Facebook post","Peter Smith/Singapore Blockchain Club","11-05-2024","Blockchain technology is here","299024103558550/7173185509475674","","group-post, contains-image, not-contain-hashtag"
"https://www.facebook.com/RtcommunityGlobal/posts/pfbid033Da1XCAgthmh9QthSjzVtzx3Grgz8aso9CRHBK86APnCQni9coUt9GcfxCTgTBfvl?__cft__[0]=AZW4u4dHieIFPc-Fskh4sjgt5N-yaSh2I6lzv6C8D_5IFkY3nRFQxz2KaULdxrrz_KlT9sE50ANF2DyxBAltZY84_smPodb8H5sVWBi-qf_Y_DElVpJSNh-0NHnl2_PWTFoXxmpM32Gj4XzuZw4lPXyndKlYfGt-sh0w_MKRBCyYHs2_DOy8_b8sQmGMvIxuCzbB0cVuLCZIFFEVBCCyd86_&__tn__=%2CO%2CP-R","Facebook post","RT Community CryptoHub","18-05-2024","Welcome to the Rt Community, where we explore the boundless possibilities of AI and Blockchain! Here, everyone is a part of the transformation, and every idea has the potential to become the next big thing. 
Join Us and Be a Pioneer in Technology!
The Rt Community is a gathering of individuals passionate about AI and Blockchain. We believe that by pooling our collective wisdom, we can continuously expand the boundaries of technology. 
Preview of Activities and Practice… See more","pfbid033Da1XCAgthmh9QthSjzVtzx3Grgz8aso9CRHBK86APnCQni9coUt9GcfxCTgTBfvl","","personal-post, contains-image, not-contain-hashtag"
"https://www.facebook.com/CoinageBuzz/posts/pfbid02shQN4WEB4CkbNVTJDPKwfTUHyszbaZecnCZToccoNtb43ozK1JchvoeqrUdwscdtl?__cft__[0]=AZXWgRJ6F6SM7oWwxY3tb5h-a9mHsMemMgkAM6q4Vot4O-hqdcEI7xOvDuSi5IIzS_ESKODwdOP06eJ70M8pE8pN3hkdXLp-5qzAnvjBmR9nIGADmXaJlBOjNJ7g6XOj379tqiGOL2_DBBgVlsZo4RTYZtmk91kvX6P7BKneHLa4QiYNvg4K_6EZ0SBVje6pSW3AzuBZT8RyVw9hH61eZRl8&__tn__=%2CO%2CP-R","Facebook post","CoinageBuzz","17-05-2024","Bitcoin Halving Spurs Development of Solutions Enhancing Network Efficiency 
 #Bitcoin #crypto #bitcoin #cryptocurrency #btc #ethereum #blockchain #eth #xrp #trading #binance #cryptonews #news","pfbid02shQN4WEB4CkbNVTJDPKwfTUHyszbaZecnCZToccoNtb43ozK1JchvoeqrUdwscdtl","#Bitcoin, #crypto, #bitcoin, #cryptocurrency, #btc, #ethereum, #blockchain, #eth, #xrp, #trading, #binance, #cryptonews, #news","personal-post, contains-image, contains-hashtag"
"https://www.facebook.com/CoinageBuzz/posts/pfbid0pZTfn5jopkoHsi7JWyhJ5gb5BdeNbWCwTWX8RP4FJbAfooDLpkKwf6yD9PNzBe4ml?__cft__[0]=AZVC0SizFnes0ULeNGkovxbzIAncmJx9c4Eq1RlMA5jLIhRlcZrlzqA9XQ_WXIHkHT_cZ-UFKRdDVr_Ed_Fb0iiTUPpViU3FbeX_g_yPpERpVz4NSPQlzwzh7itoi3nT0zBP-J8VCNp3cy0YU4Nt-r7Glj1BwVHUoYwz7-WqnDCCRZcJBiWgIHF6_-a9RhlnVs_dd7VXrGvWXQpAAXMSiLM-&__tn__=%2CO%2CP-R","Facebook post","CoinageBuzz","17-05-2024","Ethereum drops below $3,000 again, spot ETH ETF sparks debate in crypto community 
 #Ethereum #crypto #bitcoin #cryptocurrency #btc #ethereum #blockchain #eth #xrp #trading #binance #cryptonews #news","pfbid0pZTfn5jopkoHsi7JWyhJ5gb5BdeNbWCwTWX8RP4FJbAfooDLpkKwf6yD9PNzBe4ml","#Ethereum, #crypto, #bitcoin, #cryptocurrency, #btc, #ethereum, #blockchain, #eth, #xrp, #trading, #binance, #cryptonews, #news","personal-post, contains-image, contains-hashtag"
"https://www.facebook.com/BlockchainAustralia/posts/pfbid03QVXJfoNkdoygyHpjahutZBK8UNq8GdGHvQg96To1nVqjLH1h4janGcZj8YzJD3pl?__cft__[0]=AZUia7weMLOlVwQq7uf4mJnRczhUi7fGAPNkdedRFlkjpdE5jQZmuEH9-KmbD7B1RqOOYsNlt3BYEjh6OocT8VLd5ROlgaO7nG0MqI59Adncm4B5tt1wpICHytixJ1TyP4UEdODu_qjbxyxE4XqiJvLMjTApffojgo6nCyT2_3RE__tLmdz9ogzMrzHfmTwu-iM7s3s8ZF8T8VDpY7keGut_&__tn__=%2CO%2CP-R","Facebook post","Blockchain Australia","14-05-2024","4 WEEKS TO GO!!! 
 Blockchain Week 2024 Sydney 11 - 14 June!!! 
The Digital Convergence Conference explores how foundational blockchain and Distributed Ledger Technology (DLT) drive the digital economy, intersecting with AI, IoT, and more to shape our digital future.
 Day 1 - Builders & Innovation
 … See more","pfbid03QVXJfoNkdoygyHpjahutZBK8UNq8GdGHvQg96To1nVqjLH1h4janGcZj8YzJD3pl","","personal-post, contains-image, not-contain-hashtag"
"https://www.facebook.com/cccomtr/posts/pfbid02ttkYhxqxjG9nH6EVwjEKRucySx2FEsNwapnD1MtEXBbR3orcr1Gi1Wgeq5LjZTtFl?__cft__[0]=AZXzfFxH9YG43xMhXsGjxOAHU6wgWK_Zp78Uy5oaB_AL874_msjTwmxU90X1xmZkuB2p4vIhtAvm8i8pu23oIgsssC5Taj66TuoBitx7-tCRJqvGrRKBoEalGdjYkmMXwRXzPEI_WqO5_3TWTcYrgMriIFjdvmPrnX0vIvjHK6oWCAUK06GXOa14KDLFZ5912s9zAp3UfiqzAFxkwnSObxq8&__tn__=%2CO%2CP-R","Facebook post","Cryptocurrency News","17-05-2024"," Cryptocurrency News ? 
Rupee rises 17 paise to close at 83.33 against US dollar
#cryptocurrency #cryptonews #cryptocurrencynews #bitcoin #litecoin #dogecoin #ethereum #blockchain #crypto #btc #investors #investment #nft #cryptocurrencies #cryptotrading #startup #technology","pfbid02ttkYhxqxjG9nH6EVwjEKRucySx2FEsNwapnD1MtEXBbR3orcr1Gi1Wgeq5LjZTtFl","#cryptocurrency, #cryptonews, #cryptocurrencynews, #bitcoin, #litecoin, #dogecoin, #ethereum, #blockchain, #crypto, #btc, #investors, #investment, #nft, #cryptocurrencies, #cryptotrading, #startup, #technology","personal-post, contains-image, contains-hashtag"
"https://www.facebook.com/cccomtr/posts/pfbid0HPNrdUhytxURj8pjzw8JUwHEZ4AjH8dfsoEa6cwN7HQhQv2RRWGuc92JHXgKbUj1l?__cft__[0]=AZXfHYFJlgp81jI6C6vEQw6-5c-Tv0wgS_leOJ58P6wJuV1UItFbiNjxeigEp5gi1J7gvh5wsxT2W2Qbte-POvnxtzmq6vse8E6jjixOArADg5y08mnOMD_CMP6vBNhe9lV-Gj8-bsRG0oZ8aFS34ULnhNwxjH9cklIC03qPESoeiWdbQGkaGDguJiHO06f3HFQukyMCeS1G9MS8OPKxnoC_&__tn__=%2CO%2CP-R","Facebook post","Cryptocurrency News","17-05-2024"," Cryptocurrency News ? 
Solana Meme Coin ‘Sealana’ Raises Over $1.2 Million in Crypto Presale – Next Slothana?
#cryptocurrency #cryptonews #cryptocurrencynews #bitcoin #litecoin #dogecoin #ethereum #blockchain #crypto #btc #investors #investment #nft #cryptocurrencies #cryptotrading #startup #technology","pfbid0HPNrdUhytxURj8pjzw8JUwHEZ4AjH8dfsoEa6cwN7HQhQv2RRWGuc92JHXgKbUj1l","#cryptocurrency, #cryptonews, #cryptocurrencynews, #bitcoin, #litecoin, #dogecoin, #ethereum, #blockchain, #crypto, #btc, #investors, #investment, #nft, #cryptocurrencies, #cryptotrading, #startup, #technology","personal-post, contains-image, contains-hashtag"
"https://www.facebook.com/groups/257717734073180/?multi_permalinks=291892260655727&hoisted_section_header_type=recently_seen&__cft__[0]=AZUjC45rM5vCaIEBch0n2l-Ap0SjPwAfVJaPhq6fBm1cNADPfMao7Te9m2H1Yqae1mMl3z_Z6NskhN3NahdlrT7a5PmCcKjvSMW5_4kuToWtiX9r4cQSMU5QNtKe76qI2Fl9Zlesri5jlYJOR_yrgky8Gux67qCmRNVoKqqUmTv_0kaNeYrisHa3NT293ftYbS0IbIBcL5Md6Z5XW04v_4ug&__tn__=%2CO%2CP-R","Facebook post","Jill Matty/ELON MUSK QUANTUM-AI INVESTMENT PLATFORM.","16-05-2024","Quantum AI offers an extraordinary opportunity to investors seeking substantial returns in a remarkably short time. As an online trading platform for stocks and gold coins, it stands out as one of the world's most lucrative investment treasures. Imagine doubling your investment in just two days of trading—that's the kind of potential Quantum AI holds.
Being part of Quantum AI means joining a community of savvy investors who are unlocking the secrets of financial success. The… See more","257717734073180/291892260655727","","group-post, contains-image, not-contain-hashtag"
"https://www.facebook.com/proreal.rks/posts/pfbid032TfeCV8Br4uwJDKYX21stGRGMFauGZii8tZa66MdVMY8QR9YA4NU9TTTfPbXVWcSl?__cft__[0]=AZXgDAPxohFS0GLaOoYUW_z9W4NBdQZ9cDfk6_3SCrcAxeM-M4j_banaCPRWO6-PtzK_HUtiAe49D3dym6cIeYNSgmLA8PMktIt0j-Wb36gZd_IBoXr3T5emBv4c3tzSLBO6qXtQ3FrDsdFdn-z-QEg6Hyqqt60Vab8IMeADLVzkGPkN_vwRpbvHVcY80Pxo5v-vsbeY9amfqr7cqesc5DEr&__tn__=%2CO%2CP-R","Facebook post","Pro Real Estate","15-05-2024","We are extremely excited about this collaboration, being the first #realestate company in #Kosovo to have integrated #blockchain technology into the company's operating system!","pfbid032TfeCV8Br4uwJDKYX21stGRGMFauGZii8tZa66MdVMY8QR9YA4NU9TTTfPbXVWcSl","#realestate, #Kosovo, #blockchain","personal-post, contains-image, contains-hashtag"
"https://www.facebook.com/groups/257717734073180/?multi_permalinks=290649720779981&hoisted_section_header_type=recently_seen&__cft__[0]=AZWBmVCSMrfRDW1u5wjCvRNNz7KA4qb1_yLlEly3kMuXyxwKzzYePfXaxljSoH-VRUfLUp_xFip0pVn0s76zrEUygvP3g-vh6KkcCxDAdTHZ9p4FLfQwGMTDySzDkA_ikNyr2t_8CYwf8YCVQ299S5Sk2eSZLWWazpH3zFIK2frX6mpsndCZdDrXgeUdX85hIStiCilwS-cS7VjjFwd7AugH&__tn__=%2CO%2CP-R","Facebook post","Jill Matty/ELON MUSK QUANTUM-AI INVESTMENT PLATFORM.","14-05-2024","20 reasons why smart people join forex trading and cryptocurrency investing 
  1. Freedom of time 
  2. Financial freedom 
  3. A business that gives residual income 
  5… See more","257717734073180/290649720779981","","group-post, contains-image, not-contain-hashtag"
"https://www.facebook.com/cccomtr/posts/pfbid0JbAQEyyy8BMLwpBnGFxdniZfDvk5vQdCPyiD3gAdr4M53F2aoTAJSjf1rqMh5Kxzl?__cft__[0]=AZWkDWkpRZaAdgvgnHx3LmCPNnM482Jm5RhlYq_nx51e4JMAjScL7rjIPmXLwAWi4nch-KO5sB8Js1gyPXY_xksoQvcZOwXvFT3cgDCSdgoY3A92pgthqWLnhOsKjOChKmq8xfQKLwClmjQQ89aQYVATo8B8_W8qrWdVyyKXyls3DJFz_giag3mZOtXnrO-Uf3U2w3X7Ggk6JtjEr9LrXFUZ&__tn__=%2CO%2CP-R","Facebook post","Cryptocurrency News","14-05-2024"," Cryptocurrency News ? 
Historian Yuval Noah Harari Expresses Skepticism About Bitcoin, Calls It ‘A Currency of Distrust’
#cryptocurrency #cryptonews #cryptocurrencynews #bitcoin #litecoin #dogecoin #ethereum #blockchain #crypto #btc #investors #investment #nft #cryptocurrencies #cryptotrading #startup #technology","pfbid0JbAQEyyy8BMLwpBnGFxdniZfDvk5vQdCPyiD3gAdr4M53F2aoTAJSjf1rqMh5Kxzl","#cryptocurrency, #cryptonews, #cryptocurrencynews, #bitcoin, #litecoin, #dogecoin, #ethereum, #blockchain, #crypto, #btc, #investors, #investment, #nft, #cryptocurrencies, #cryptotrading, #startup, #technology","personal-post, contains-image, contains-hashtag"
"https://www.facebook.com/BlockchainAustralia/posts/pfbid0TSLk3KUwXzcSvgEruVGcRScbYasfUQL7azDyM968ipX1unAFzYMQD411wA4ube4Hl?__cft__[0]=AZU3fL1LBsY2QrPjnxL47YVlV4u408L61eLk2ZeCiZ8_JC8sfvTBa3LwqlcSqXTFsoKprzXTxYmLA5yXiJ2LLUFLE0supE9GkxVzow386yT5PwWkyqsIeiA24pEKZdopvs7V_Za9C7aK6ifHrqxV-c1FJJflZOCglq0ktoAK1jsxf_rEk488ySzjrQB6J89Dd-MGzyT3g4_rYE58H5pvmWL_&__tn__=%2CO%2CP-R","Facebook post","Blockchain Australia","09-05-2024"," Exclusive Opportunity for Blockchain Australia Members! 
We've partnered with Protocol Theory to bring you an incredible chance to win one of FOUR free tickets to Consensus 2024 in Austin, Texas (May 29-31). Each ticket is worth ~$4,250 (total prize value ~$17,000)! Dive into the heart of digital assets and Web3 with leaders from around the globe.
Here’s How to Enter:… See more","pfbid0TSLk3KUwXzcSvgEruVGcRScbYasfUQL7azDyM968ipX1unAFzYMQD411wA4ube4Hl","","personal-post, contains-image, not-contain-hashtag"
"https://www.facebook.com/cccomtr/posts/pfbid0kgNupPEJTDF3JEatAwy9nnpZxQbpxeysPKLz5gZZUHFqdWHGm6ssjm7eUqkc7iaVl?__cft__[0]=AZVC9lNeBQ9N5RdJXMfWS_4Kf20wwuEsKGpD538lJ83b_igvIIl9gpPPpWNSTGCWw0LWnHYZr2Nr0N7aKZXJA_i2pN8svz2WVA0_XDydyBsHp94OvADT58XpUgbvkiMKIEguUNYs5gYAovqYHccoZRGDDPUztRJIwVW_tTUD3ehEu5wqBSfkV-mkpDCvgZAGeh9p2wJFdn7OhKxjrmtXxZXU&__tn__=%2CO%2CP-R","Facebook post","Cryptocurrency News","15-05-2024"," Cryptocurrency News ? 
Here is my Bank Account
#cryptocurrency #cryptonews #cryptocurrencynews #bitcoin #litecoin #dogecoin #ethereum #blockchain #crypto #btc #investors #investment #nft #cryptocurrencies #cryptotrading #startup #technology","pfbid0kgNupPEJTDF3JEatAwy9nnpZxQbpxeysPKLz5gZZUHFqdWHGm6ssjm7eUqkc7iaVl","#cryptocurrency, #cryptonews, #cryptocurrencynews, #bitcoin, #litecoin, #dogecoin, #ethereum, #blockchain, #crypto, #btc, #investors, #investment, #nft, #cryptocurrencies, #cryptotrading, #startup, #technology","personal-post, contains-image, contains-hashtag"
"https://www.facebook.com/cccomtr/posts/pfbid02kKdMcevxdYsEhNBY6hdzw2zUarFB36BrTXbVvBehz3CbsazyWAmm9UPqjfDTBkYnl?__cft__[0]=AZWv7QZsFH3p6LuNGLvFDbXgMok-b17DrXIpSaD0QZA2tDgsZvmTewDaQbIhdONo6wJG1ZsZByptO-dHvXmU-ukrUS9LWRlm8NOoa_rGo_Dp1Qoj_ImXHL_824-DZFuS1tFsQ5OcSC4RdsB4uTdbiaK2f3gwh7MbbnjPvmWTCzez7kSJBruZX0hKQVpAgjFxELCuBG6FUEVsniJtuzA_eInR&__tn__=%2CO%2CP-R","Facebook post","Cryptocurrency News","12-05-2024"," Cryptocurrency News ? 
PEPE Coin Gains Momentum, Eyes Continued Growth
#cryptocurrency #cryptonews #cryptocurrencynews #bitcoin #litecoin #dogecoin #ethereum #blockchain #crypto #btc #investors #investment #nft #cryptocurrencies #cryptotrading #startup #technology","pfbid02kKdMcevxdYsEhNBY6hdzw2zUarFB36BrTXbVvBehz3CbsazyWAmm9UPqjfDTBkYnl","#cryptocurrency, #cryptonews, #cryptocurrencynews, #bitcoin, #litecoin, #dogecoin, #ethereum, #blockchain, #crypto, #btc, #investors, #investment, #nft, #cryptocurrencies, #cryptotrading, #startup, #technology","personal-post, contains-image, contains-hashtag"
"https://www.facebook.com/uchenna.iwuchukwu.5680/posts/pfbid02KT54iNzoxegNhyVdisySNChWTnqBqyD7H86ped81aHqYhAWChCyUSdV8tNKXsqehl?__cft__[0]=AZXn3-RbtA6TWV0yNY_iPy9o7rmUK7j9pVeKyP8OY81hhLo3bJnf3OlpjlFeZ8Ftv3xbMWVvkXmVIM5Dbidd-P0qqRvsjcyNhaHo4vWnzf5B-dnhUOOZ75ZvIdE0gST3x_fCNVtj24uF5zq5qJ4UqZeqaw2cLHqbpAFJF9qcHUFdMA&__tn__=%2CO%2CP-R","Facebook post","Uchenna Iwuchukwu","18-05-2024","Pi Network: A New Step in the World of Cryptocurrencies
Pi network is gradually becoming popular everywhere, and Pi coins are ready to enter the daily lives of people all over the world. With the continuous development of blockchain technology, Pi Network is quickly attracting millions of users worldwide. Not only offers free Pi coin mining via smartphones, the network also aims to integrate Pi coins into everyday life.
The Importance of Pi Network
P… See more","pfbid02KT54iNzoxegNhyVdisySNChWTnqBqyD7H86ped81aHqYhAWChCyUSdV8tNKXsqehl","","personal-post, contains-image, not-contain-hashtag"
"https://www.facebook.com/cccomtr/posts/pfbid04JhGHYZeWh5QYVhJZbuQxof3FnLtDCYCW8PxXr2xe8KNLNoFPuE8LFdqSG8k6ifel?__cft__[0]=AZVhuSiJFXE6yIR3fcURqRtmCfynRS9Pb9XUR9Fy4kX2CQqdEDu650TObg33qgSx8JoocWt8ePtqGzbkLeHRBtLYoQIbGe3sqQx9d46BvTCHfzJexVUZ1lM392A7W6es5CQ39Byf-0MeD6KjHI-QUznDlwq4iunGuQJQ33dt9gkO_UBnlkX-qXQzWIJ__GBorFnwLkLHRf01RXwF65JIkak4&__tn__=%2CO%2CP-R","Facebook post","Cryptocurrency News","14-05-2024"," Cryptocurrency News ? 
ALERT! Bird Flu Lockdowns Coming? W.H.O. Bird Flu Fearmongering Begins Before Election | Redacted
#cryptocurrency #cryptonews #cryptocurrencynews #bitcoin #litecoin #dogecoin #ethereum #blockchain #crypto #btc #investors #investment #nft #cryptocurrencies #cryptotrading #startup #technology","pfbid04JhGHYZeWh5QYVhJZbuQxof3FnLtDCYCW8PxXr2xe8KNLNoFPuE8LFdqSG8k6ifel","#cryptocurrency, #cryptonews, #cryptocurrencynews, #bitcoin, #litecoin, #dogecoin, #ethereum, #blockchain, #crypto, #btc, #investors, #investment, #nft, #cryptocurrencies, #cryptotrading, #startup, #technology","personal-post, contains-image, contains-hashtag"
"https://www.facebook.com/groups/833211996779274/?multi_permalinks=6904483556318724&hoisted_section_header_type=recently_seen&__cft__[0]=AZXAPilr6DNWhK2h9jJ0NU9Wilka-8qxRzu8criCW6J6S58Q3Jko2bIB3fDMexDigu7nirRNSuzziORRiGJQBgRcdP1Ut4EYJ23ahwjM9oKIreLMTArfoRpDgntA1EnR918N6NTgO6-jlBaJFnj-tZ3rVbwunitYMy6wbdIwdDr--OPdhUzGwSqO_EXmpvN_m7iFy12-v85gddXAqONmoM30&__tn__=%2CO%2CP-R","Facebook post","Samuel M Andrew/Blockchain & Cryptocurrency","08-05-2024","Retrivexpert From the beginning, you provided me with an energy of authentication and trust. Your vast end, straightforwardness, and clear correspondence all through the recovery portrayal of my lost resources were surprising. You kept me showed each push toward regards to the way, ensuring that I comprehended about the progress being made , I'm correct now appreciative for the possible recovery of my resources . You really keep on achieving more clear work, credit retrivexpe… See more","833211996779274/6904483556318724","","group-post, contains-image, not-contain-hashtag"
"https://www.facebook.com/CoinageBuzz/posts/pfbid02GKEfnB1A4Yh28hQMcNqs1jZtWwzshAPJEP3dYA4X9fYkJfv6e9yVMq95QTGQwjrQl?__cft__[0]=AZVO3ZA-hkQRo-jb-uxKJSG6hqTgMvnHxnWLG1NdFUtV8zxXO1jJ-t5sI05IxHWZy4XuEqmVjD52yv5C8EpZsJcy9fmrKIeLCBRjVUBtS3aROmtiK59_jaZD_td05gaoj95EQfNBxjdHGNbvdug3zLWYwbjlZGMGX5oy8nEPWrEnCQmQyPQznG7kK_0iDHLmkjndbbX9VhdWxFpJHx3e4ABQ&__tn__=%2CO%2CP-R","Facebook post","CoinageBuzz","11-05-2024","Analyst Shares the Date He Thinks Bitcoin Will Hit All-Time Price High 
 #Bitcoin #crypto #bitcoin #cryptocurrency #btc #ethereum #blockchain #eth #xrp #trading #binance #cryptonews #news","pfbid02GKEfnB1A4Yh28hQMcNqs1jZtWwzshAPJEP3dYA4X9fYkJfv6e9yVMq95QTGQwjrQl","#Bitcoin, #crypto, #bitcoin, #cryptocurrency, #btc, #ethereum, #blockchain, #eth, #xrp, #trading, #binance, #cryptonews, #news","personal-post, contains-image, contains-hashtag"
"https://www.facebook.com/cccomtr/posts/pfbid0FuyXGzWDurvkNN9c5zZKMfWa7U3GczK7ZK9jkHpFya8GojsfigS44cVUZeifAPj2l?__cft__[0]=AZVXLqoSF8hifT1tRwZp_oT4IIYM9Hqy4luzcURil6y-f1_PM98D1bOpqhcUuEIN62pXBwbxaBLIThewmEcDJ_fPyezuKsd8LxfEBZ9ADRPJYdkI5T3U0lp4C0LBOMODm36N8Tj8XNd7Loj419SjJLYIPzT_Jx-Xap3UsZWqL7G9_pb-e5Bq5_X79qCnfPQaT05YBElMlKyBMlqgIRFvs3WW&__tn__=%2CO%2CP-R","Facebook post","Cryptocurrency News","17-05-2024"," Cryptocurrency News ? 
The exchange rate is not the problem – By Kalu Aja
#cryptocurrency #cryptonews #cryptocurrencynews #bitcoin #litecoin #dogecoin #ethereum #blockchain #crypto #btc #investors #investment #nft #cryptocurrencies #cryptotrading #startup #technology","pfbid0FuyXGzWDurvkNN9c5zZKMfWa7U3GczK7ZK9jkHpFya8GojsfigS44cVUZeifAPj2l","#cryptocurrency, #cryptonews, #cryptocurrencynews, #bitcoin, #litecoin, #dogecoin, #ethereum, #blockchain, #crypto, #btc, #investors, #investment, #nft, #cryptocurrencies, #cryptotrading, #startup, #technology","personal-post, contains-image, contains-hashtag"
"https://www.facebook.com/cccomtr/posts/pfbid029mJ316HEGKdU7ntmX3HrUDgQPdodKpDBwurQg2QcMJUfHZfbVkPeXGcscPEx7T21l?__cft__[0]=AZUcj7_cfvAGAwyFzp2IChrBZ6z0Zq6v8WflQv92rYfH68kNSkcmXpPAX7gEqdVmC0pyyAr6GpW-JEcCPDxIjSv73TKnpJpXzsAvJ2VlqCRmSVV29eUUrK-Do6LKWZdloTLaN5IjLhJnQjj4voiovs79i79gX0-wf8k-zgDsMiXsbV3UQpMpXMT5ggGOcP4R1KY1fyVlB3feKTfgFl1Puhla&__tn__=%2CO%2CP-R","Facebook post","Cryptocurrency News","13-05-2024"," Cryptocurrency News ? 
IT IS TIME! 
 TESLA AND APPLE DIVERGENCE EXPOSED
#cryptocurrency #cryptonews #cryptocurrencynews #bitcoin #litecoin #dogecoin #ethereum #blockchain #crypto #btc #investors #investment #nft #cryptocurrencies #cryptotrading #startup #technology","pfbid029mJ316HEGKdU7ntmX3HrUDgQPdodKpDBwurQg2QcMJUfHZfbVkPeXGcscPEx7T21l","#cryptocurrency, #cryptonews, #cryptocurrencynews, #bitcoin, #litecoin, #dogecoin, #ethereum, #blockchain, #crypto, #btc, #investors, #investment, #nft, #cryptocurrencies, #cryptotrading, #startup, #technology","personal-post, contains-image, contains-hashtag"
"https://www.facebook.com/BlockchainAustralia/posts/pfbid02UdFZ7ypZuFcZQYAYhatMfpQGiu8qhh48EsP2yMr22EntfEB8GGn2cj4SYV6rJxLPl?__cft__[0]=AZXXhJDH0r9V-tMnQ62hPw7jEHQT9b00at8eq5eZLBq8AqVn0sqwpCbb5lXd28DnuvTrsM4wGdTyXgsV5xvTMvx7_OhW7hgxwufckrSJ7mLtbDocB9aQunL7y07yVlQC6wIFh-Pr8UEqRdetEA48rB66WbQBDVu3YMBZwb7QjfA-SglBeiiPOsDUAwJYCmFx2zFhiawOMUXpvIzDWU8X600o&__tn__=%2CO%2CP-R","Facebook post","Blockchain Australia","29-04-2024","Blockchain Australia is proud to announce Protocol Theory are sponsoring Blockchain Week 2024, June 11-14 in Sydney!
Protocol Theory is a strategic market research and consumer insights company specialising in the digital asset and Web3 space.
Protocol Theory partner with growth-oriented Web3 and Web 2.5 brands to help them better understand their audience, build superior products and brands, and create powerful user experiences via actionable, evidence-based consumer insig… See more","pfbid02UdFZ7ypZuFcZQYAYhatMfpQGiu8qhh48EsP2yMr22EntfEB8GGn2cj4SYV6rJxLPl","","personal-post, contains-image, not-contain-hashtag"
"https://www.facebook.com/groups/833211996779274/?multi_permalinks=6934848149948931&hoisted_section_header_type=recently_seen&__cft__[0]=AZXJ5RJj1QHrW8VsZ7wn5oTVQ3CCSzOgt-ZhrGXSk47Y-HIF3aRDR_ZglI3ufCnpTe-lKUG1Xb0kaefap4kTztBjUFyxWA7RLMNNFrHAmMn9hsiUA1OqmmbejRpSPG9rcGAMYg7qD72segDxs1Ke4paWKi3cV1YBOpVAuatS46wuris25tw5FlpC6LhSaSgr2Wz9pTt5fD-0zTRkHTYTti8y&__tn__=%2CO%2CP-R","Facebook post","Tsai Ching-hsiang/Blockchain & Cryptocurrency","15-05-2024","I need a receiver for Bank to Bank MT103/202 Wire Transfer 
I need any good country account
No Online Access required.
Receiver from any country needed… See more","833211996779274/6934848149948931","","group-post, contains-image, not-contain-hashtag"
"https://www.facebook.com/cccomtr/posts/pfbid037LXBfPtUKjoTvKXLTTSrhdVc7tspFDXQ3aPnpP6D3shSqakjGapHZ1DEZrkzThvul?__cft__[0]=AZXw6QOni03J6A_H6BbZsN9qF490qBC-C6x2mPTYHPuIXTkeqP8Gg0QsWUwZ7vARsaLwkFEh92Sn_wtbr-KvM2Ov5G9Bxiupk5OBHdIDLVTyKLt1NJHpOMvilMzHXuKZapbaekZAVWSkEHq6M2cZBq_v0han3u9ZTmr2KSiEE9sJS08hqPyplcrnvNnloMLSriuBk8oe6RKuNv_K1uucVumy&__tn__=%2CO%2CP-R","Facebook post","Cryptocurrency News","12-05-2024"," Cryptocurrency News ? 
Nigerian Experts Say Past Central Bank Policies Drove Users to P2P Crypto Platforms
#cryptocurrency #cryptonews #cryptocurrencynews #bitcoin #litecoin #dogecoin #ethereum #blockchain #crypto #btc #investors #investment #nft #cryptocurrencies #cryptotrading #startup #technology","pfbid037LXBfPtUKjoTvKXLTTSrhdVc7tspFDXQ3aPnpP6D3shSqakjGapHZ1DEZrkzThvul","#cryptocurrency, #cryptonews, #cryptocurrencynews, #bitcoin, #litecoin, #dogecoin, #ethereum, #blockchain, #crypto, #btc, #investors, #investment, #nft, #cryptocurrencies, #cryptotrading, #startup, #technology","personal-post, contains-image, contains-hashtag"
"https://www.facebook.com/cccomtr/posts/pfbid0FW4MsqrgSUTU1r5araWtCb1FRX8C5wzZGj7S4DKP3Aef2K7JMrobToQfi56U9Qcsl?__cft__[0]=AZWDcBhwLkE_ZyqhQlVuu7bqYJpDW-6Mtk1LNcgNuXhcmGihDTIgHl83cqjo-BdMT-KlyEtSyS1kRFPz078aL5Seg-c2XpF9mX5u7rWcaW3zUHqSUdA6fuZwxjvy0Ys1LGckYuzPp94QVLLdhNW7hx1vbYw0mijHe2UekCEtexuBNn-5cjXTSRXFn0oIhvngy9iSBF2OQHw9b5xxMhwKcPrm&__tn__=%2CO%2CP-R","Facebook post","Cryptocurrency News","24-04-2024"," Cryptocurrency News ? 
Rupee settles on flat note, up 1 paisa at 83.30 against US dollar
#cryptocurrency #cryptonews #cryptocurrencynews #bitcoin #litecoin #dogecoin #ethereum #blockchain #crypto #btc #investors #investment #nft #cryptocurrencies #cryptotrading #startup #technology","pfbid0FW4MsqrgSUTU1r5araWtCb1FRX8C5wzZGj7S4DKP3Aef2K7JMrobToQfi56U9Qcsl","#cryptocurrency, #cryptonews, #cryptocurrencynews, #bitcoin, #litecoin, #dogecoin, #ethereum, #blockchain, #crypto, #btc, #investors, #investment, #nft, #cryptocurrencies, #cryptotrading, #startup, #technology","personal-post, contains-image, contains-hashtag"
"https://www.facebook.com/groups/1002320113518563/?multi_permalinks=1971763716574193&hoisted_section_header_type=recently_seen&__cft__[0]=AZWficGmp232ONgagFaxAqFXsX148y-irxq8-9Ucf4F4EnI6__9zf3LsopqGljgQ4_rE4oKQXX63BxS44K5wfGsfqK41tyy8N1dPgHxEhUyQz-dostqfWCgD0NutG0_GkrbNX8cD48tjlTL7hvhyCXINIuh5-1PRsN3HivTVpuWH-ZVBsJmK0gJVe4F4CPMDxgx6kM3eI-r_liN3yVDsq8yDDT6yBFOUS4q1-KRuxEGs0BYAgIio0RDGzop8dbGlYzw&__tn__=%2CO%2CP-R","Facebook post","Shitcoins admin - DM me for promotion/CRYPTO COMMUNITY (NO SCAM)","17-05-2024","Unlock Profit Potential with Node Sales! 
 Earn Daily Tokens with Node Purchases! 
Join Now for Your Free Account and Learn More
https://web.connectunited.com/enroll?r=075133… See more","1002320113518563/1971763716574193","","group-post, contains-image, not-contain-hashtag"
"https://www.facebook.com/cccomtr/posts/pfbid033rGJ9HkxpihkUBq8dvPhBPkquVctpWkgVqaGfmVj3Z59LMxunFtESGm2PoycuCQCl?__cft__[0]=AZWEyhYJhTiVjeLpzwpCUUjDcod0Uflur8viPgkVtx9ui-Fakcd9-98eZ23okHTASMdxp-dxZ9rrf6AOXNTz_c8XD3LKdJ1OAjUmya1cXY4CSjEQbtiX15FHqA7o-FFtEvOeKcKaE8Vrmzwjf3XkcdLoZNy53ZyM5Ew9l0y-CXxvVnL7ndqGEcRo7EPMthiOUHSXc8cyUbdt9DUbn5CSvPE8&__tn__=%2CO%2CP-R","Facebook post","Cryptocurrency News","10-05-2024"," Cryptocurrency News ? 
Bankrupt Crypto Lender Blockfi Enlists Coinbase to Distribute Crypto Payouts
#cryptocurrency #cryptonews #cryptocurrencynews #bitcoin #litecoin #dogecoin #ethereum #blockchain #crypto #btc #investors #investment #nft #cryptocurrencies #cryptotrading #startup #technology","pfbid033rGJ9HkxpihkUBq8dvPhBPkquVctpWkgVqaGfmVj3Z59LMxunFtESGm2PoycuCQCl","#cryptocurrency, #cryptonews, #cryptocurrencynews, #bitcoin, #litecoin, #dogecoin, #ethereum, #blockchain, #crypto, #btc, #investors, #investment, #nft, #cryptocurrencies, #cryptotrading, #startup, #technology","personal-post, contains-image, contains-hashtag"
"https://www.facebook.com/groups/833211996779274/?multi_permalinks=6937322063034873&hoisted_section_header_type=recently_seen&__cft__[0]=AZVeJBIhQ4dVBBl1iSJqQeEpaQlHQo8vCucEhB17GANvRw_CIs-ER8gjyJq9VG6PTAKYvYluHr6RJG-yAJh03aXcxvGDH2Y0JzGywOjUmGzSuEvhxYn3Y8ZIWDrMe55QwucNufqBvT9d5AdiBW2NZvFJk1gwP6B5WPX1UFDc-yH-aiUnJP7Ugql_NAj4PwrwTC1Sh8N2NMH6T7W9mYaXhC2aG_KK5RScSDcoFtWHhAdoIJuLQnPdQDyb9e2DuqmkLqc&__tn__=%2CO%2CP-R","Facebook post","Atallia Exchange/Blockchain & Cryptocurrency","15-05-2024"," Step into Atallia Pro – where we're your top-tier ally in navigating the intricate landscape of #crypto #trading! 
 Harness our expert guidance and state-of-the-art tools to embark on your journey towards #financial #freedom today. 
 Join our community and unleash the #power of your #investments! 
Join us at: https://atalliapro.com/
#AtalliaPro #CryptoSharks #Atallia #DigitalAssets #Coin #Trading #Crypto #Bitcoin #Cryptocurrency #CryptoTrading #CryptoExchange #Blockchain","833211996779274/6937322063034873","#crypto, #trading!, #financial, #freedom, #power, #investments!, #AtalliaPro, #CryptoSharks, #Atallia, #DigitalAssets, #Coin, #Trading, #Crypto, #Bitcoin, #Cryptocurrency, #CryptoTrading, #CryptoExchange, #Blockchain","group-post, contains-image, contains-hashtag"
"https://www.facebook.com/cccomtr/posts/pfbid02arC3HoDiASHdrWx8qyAkZaGTiA9q1CHM7NHwpx1yg2DhM8rVramdTWLeTnGrT9Ncl?__cft__[0]=AZX635uWIOpUUg-h5xLiye624uRpI0zH5G-wi70Kdp2YwCsmNxOFrdZI9SFioh-wLI7J3PgJG32XzMss2zs8b63OZFfpDNUhcvtkgZBNXO1IUwB7yildW0z5OwHfivpG6_B_pspx9moP6KridhWmGoA4f8CFMfcnN8IhfthAsLsA6eWxPWwi-bnFRrinzEjMu_SiI6lUa28CPRfgY3FKogzW&__tn__=%2CO%2CP-R","Facebook post","Cryptocurrency News","16-05-2024"," Cryptocurrency News ? 
CME Looks to Take on Binance and Coinbase, Could Launch Spot Bitcoin Trading: Report
#cryptocurrency #cryptonews #cryptocurrencynews #bitcoin #litecoin #dogecoin #ethereum #blockchain #crypto #btc #investors #investment #nft #cryptocurrencies #cryptotrading #startup #technology","pfbid02arC3HoDiASHdrWx8qyAkZaGTiA9q1CHM7NHwpx1yg2DhM8rVramdTWLeTnGrT9Ncl","#cryptocurrency, #cryptonews, #cryptocurrencynews, #bitcoin, #litecoin, #dogecoin, #ethereum, #blockchain, #crypto, #btc, #investors, #investment, #nft, #cryptocurrencies, #cryptotrading, #startup, #technology","personal-post, contains-image, contains-hashtag"
"https://www.facebook.com/cccomtr/posts/pfbid02D72rfPYKML2pGD2ghZwxtM8gNjn2gvjdGhJ4FqY9JDoJVUBDPaz2EFMLvSCDpfuil?__cft__[0]=AZXqXSre1rVfYbVlKj4NxSoOab6xeQIqDc9FKxVoYGF2kb8-VIyevgRQVvRCfVKv7QXualtKsFOhswPkmZLH12L8RqDCN0yZ8-QCWmo_zCGDRMh14EfwFi7NbB5GksTDZXFLnUuuqs8sPhGIg0w32V1Rdmc3Y_SoWPMq-cmwjjUSztMk00URRqbok6AT-jgK7o9FPTRPJEL_jEQuS2vraUPo&__tn__=%2CO%2CP-R","Facebook post","Cryptocurrency News","01-05-2024"," Cryptocurrency News ? 
Shiba Inu’s latest price projections – Here’s the move you should make
#cryptocurrency #cryptonews #cryptocurrencynews #bitcoin #litecoin #dogecoin #ethereum #blockchain #crypto #btc #investors #investment #nft #cryptocurrencies #cryptotrading #startup #technology","pfbid02D72rfPYKML2pGD2ghZwxtM8gNjn2gvjdGhJ4FqY9JDoJVUBDPaz2EFMLvSCDpfuil","#cryptocurrency, #cryptonews, #cryptocurrencynews, #bitcoin, #litecoin, #dogecoin, #ethereum, #blockchain, #crypto, #btc, #investors, #investment, #nft, #cryptocurrencies, #cryptotrading, #startup, #technology","personal-post, contains-image, contains-hashtag"
"https://www.facebook.com/Mehedi01796/posts/pfbid0fsg4uB9TFiEmWkPLwK4jmh3MqsiXPmjbBR7sT9frTmgey6mSeHMkmDTseWS1Nqoil?__cft__[0]=AZVkJpkmOjYOlaQZ_U9FUA76qYKhTVUXR2mupg7gZK4bn8yoyjZr0NYwWXWxiT-j2ghAagDxGDlNQc4CPtQr2OA2Z_6RyojiFIL1i-9IYMA6K2g1XvA-GzvdEZyfH9arnWgi7PBuNUlnupbZmAhrNMDX&__tn__=%2CO%2CP-R","Facebook post","Sopner Rajkumar","18-05-2024","I joined this wonderful project, and it is an honor for me to be a part of it.#DiamondReserve #Blockchain #cryptocurrency #dmdr","pfbid0fsg4uB9TFiEmWkPLwK4jmh3MqsiXPmjbBR7sT9frTmgey6mSeHMkmDTseWS1Nqoil","#DiamondReserve, #Blockchain, #cryptocurrency, #dmdr","personal-post, not-contain-image, contains-hashtag"
"https://www.facebook.com/groups/2880705838814411/?multi_permalinks=3612060199012301&hoisted_section_header_type=recently_seen&__cft__[0]=AZXFXLRV_nCUk9xg4brYodKOIr-ZY57dIHBabw87PYYdZ3o6fj1eLdtQzxb4gmtB2KBNNErXauXYtWjJK9SLToMo2E1UE48q2oSkomTelRHWXj9vAc9_ZxeKhyKe5qq7CK_vwsV8b1VbZySjuQ_jwDboAhfsI85TwCKNatZDui4JmLp1p0f5acU95DNQS3qtReMHRk9dK5ruHk_rf2naTRCy&__tn__=%2CO%2CP-R","Facebook post","Fayemi David Anuoluwa/BLOCKCHAIN.COM","15-05-2024","Where do I begin? Words cannot adequately express the level of gratitude and satisfaction I have for www.Reclaimlostassets .com and their remarkable service in tracking and recovering my lost cryptocurrency. They have truly proven themselves to be the epitome of professionalism, expertise, and unwavering commitment throughout the entire recovery process. With utmost pleasure, I wholeheartedly award them a well-deserved five-star review on Google.
#Tangohacks","2880705838814411/3612060199012301","#Tangohacks","group-post, contains-image, contains-hashtag"
"https://www.facebook.com/degreecyprotokenofficial/posts/pfbid02Fy9BLt8dF3GFe56JZrivEtxWeEEMpHu5oAG4JMXWSoHU9A5KCsXdRMtTp2ZzsZGEl?__cft__[0]=AZV0Qeu6o1Yhwpxeo1_zsoDgbdMiDAqBVLPkruHF-HFlsgHVuPwJTDmvYlanr3MAoV-laXf9_wv504k5TIDFLqXJiExHNXeLHytP69b1Ke5yA2pVkbjIojhA9k3GJf7FrDNCjaVHyOMhgEd5dEuR-BnQ027qDJvA0-EMayYkbnVj_dna03dDH87tVe7-LoSjyPRASiKziilwGKCv0h70CmBo&__tn__=%2CO%2CP-R","Facebook post","Degree Crypto Token","18-05-2024","There are various types of events in crypto, with the aim of building communities, project development and education. Here are some types:
 #cryptoliteracy #investment #crypto #CryptoInvesting #digitalfinance #CryptoEducation #memes #meme #education #CryptoEducationSession #DCTSoloTechnoPark #BlockchainIndonesia #EmpowerYourCryptoJourney #CentralJavaCrypto #CryptoCommunityIndonesia #IndonesiaCrypto #SoloTechPark #future #assetcrypto #blockchain #cryptoworld #degree #cryptocu… See more","pfbid02Fy9BLt8dF3GFe56JZrivEtxWeEEMpHu5oAG4JMXWSoHU9A5KCsXdRMtTp2ZzsZGEl","#cryptoliteracy, #investment, #crypto, #CryptoInvesting, #digitalfinance, #CryptoEducation, #memes, #meme, #education, #CryptoEducationSession, #DCTSoloTechnoPark, #BlockchainIndonesia, #EmpowerYourCryptoJourney, #CentralJavaCrypto, #CryptoCommunityIndonesia, #IndonesiaCrypto, #SoloTechPark, #future, #assetcrypto, #blockchain, #cryptoworld, #degree, #cryptocu…","personal-post, contains-image, contains-hashtag"
"https://www.facebook.com/BlockchainAustralia/posts/pfbid02Dfgn7zCvwEpRC92oUZFPUeNqVVbqwsQpwYptDkiXmYbcySXcVokdZ49zRy9fVJdCl?__cft__[0]=AZWtkbJi4fl3UJ4rfElhiof53dZ5oRIOhQ8PWe33JQrHXAdd6rgHb8_BAm9RTGeVo5WL6rNEzQ2eLyX_cN8Nz8bn8GRxSJBmyyt7-HI4b7rRZcPFeVZ-eeiNe6xIcN-iEYgA2N3Uk7YtZmKsWg0b4DM6M0-rhXEh5BJwvIPuxyIrvgLyvEh_tm2pXam3cpYaDKaQFNbQZa2tTVAlMJQzEwej&__tn__=%2CO%2CP-R","Facebook post","Blockchain Australia","06-05-2024","Blockchain Australia is proud to announce Gettingstartedincrypto.com (GSIC) are sponsoring Blockchain Week 2024, June 11-14 in Sydney!
Crypto Made Easy, Simple & Profitable
GSIC provide you with the tools you need to fast-track your journey into crypto and help achieve financial independence. With the ultimate hub for all things crypto – they are more than just a boring Telegram or Discord group. Aim for financial freedom with trading signals and education, led by the most … See more","pfbid02Dfgn7zCvwEpRC92oUZFPUeNqVVbqwsQpwYptDkiXmYbcySXcVokdZ49zRy9fVJdCl","","personal-post, contains-image, not-contain-hashtag"
